Date,Total Equity,Domestic Equity,World Equity,Hybrid,Total Bond,Taxable Bond,Municipal Bond,Total
2007-01-31,27428.0,5964.0,21463.0,5513.0,15044.0,12222.0,2822.0,47984.0
2007-02-28,25456.0,8843.0,16613.0,5126.0,14988.0,11859.0,3129.0,45570.0
2007-03-31,6551.0,-486.0,7037.0,3764.0,15782.0,12925.0,2857.0,26097.0
2007-04-30,16183.0,-63.0,16246.0,4354.0,13622.0,12276.0,1346.0,34158.0
2007-05-31,-2876.0,-14176.0,11300.0,4318.0,20813.0,17215.0,3598.0,22256.0
2007-06-30,2848.0,-5663.0,8510.0,2774.0,7498.0,6973.0,525.0,13120.0
2007-07-31,9740.0,-5076.0,14816.0,3210.0,4172.0,3976.0,196.0,17122.0
2007-08-31,-16769.0,-18451.0,1682.0,1637.0,-4092.0,-2925.0,-1168.0,-19224.0
2007-09-30,6814.0,-4801.0,11615.0,2321.0,7382.0,5888.0,1495.0,16518.0
2007-10-31,9507.0,-6017.0,15525.0,3629.0,11456.0,10754.0,701.0,24592.0
2007-11-30,-11208.0,-16034.0,4826.0,2218.0,2014.0,3145.0,-1131.0,-6976.0
2007-12-31,405.0,-9557.0,9962.0,2175.0,617.0,4052.0,-3434.0,3198.0
2008-01-31,-45055.0,-35860.0,-9195.0,-667.0,23171.0,20674.0,2497.0,-22551.0
2008-02-29,8511.0,2122.0,6390.0,4450.0,13760.0,12547.0,1213.0,26721.0
2008-03-31,-9430.0,-8701.0,-729.0,181.0,8707.0,6156.0,2551.0,-542.0
2008-04-30,11867.0,5063.0,6804.0,3188.0,16575.0,13107.0,3468.0,31630.0
2008-05-31,14664.0,5579.0,9085.0,3559.0,17131.0,12124.0,5007.0,35354.0
2008-06-30,-4197.0,-4064.0,-133.0,522.0,4722.0,2103.0,2619.0,1047.0
2008-07-31,-25933.0,-18343.0,-7590.0,-2096.0,1966.0,-517.0,2483.0,-26063.0
2008-08-31,-19574.0,-1861.0,-17713.0,-24.0,7736.0,5314.0,2422.0,-11862.0
2008-09-30,-50061.0,-28135.0,-21926.0,-8057.0,-1461.0,-830.0,-631.0,-59578.0
2008-10-31,-70581.0,-44650.0,-25931.0,-16334.0,-41277.0,-32915.0,-8363.0,-128193.0
2008-11-30,-19704.0,-10561.0,-9143.0,-6750.0,-14899.0,-13725.0,-1174.0,-41353.0
2008-12-31,-19268.0,-8983.0,-10286.0,-3208.0,-7104.0,-2791.0,-4313.0,-29581.0
2009-01-31,8890.0,7175.0,1715.0,-546.0,16940.0,13078.0,3862.0,25284.0
2009-02-28,-24635.0,-13509.0,-11126.0,-4658.0,16812.0,12451.0,4360.0,-12481.0
2009-03-31,-24732.0,-15153.0,-9579.0,-4865.0,19982.0,16455.0,3527.0,-9615.0
2009-04-30,11575.0,9172.0,2403.0,1997.0,28855.0,23764.0,5091.0,42426.0
2009-05-31,17939.0,13634.0,4305.0,2721.0,32316.0,25759.0,6556.0,52976.0
2009-06-30,12024.0,5631.0,6393.0,1713.0,29338.0,23966.0,5373.0,43076.0
2009-07-31,9384.0,2690.0,6694.0,1669.0,35529.0,28737.0,6792.0,46582.0
2009-08-31,3620.0,-1585.0,5205.0,3557.0,42997.0,33784.0,9213.0,50174.0
2009-09-30,-1817.0,-4851.0,3034.0,3083.0,47253.0,36929.0,10323.0,48519.0
2009-10-31,-7079.0,-13901.0,6822.0,3049.0,45028.0,40268.0,4760.0,40998.0
2009-11-30,-2390.0,-8198.0,5809.0,3078.0,35971.0,30817.0,5155.0,36659.0
2009-12-31,-3681.0,-8652.0,4972.0,2217.0,26418.0,21732.0,4686.0,24954.0
2010-01-31,13961.0,4227.0,9734.0,4049.0,26944.0,22389.0,4555.0,44955.0
2010-02-28,-169.0,-5171.0,5003.0,2185.0,27383.0,22328.0,5056.0,29399.0
2010-03-31,9888.0,1888.0,8000.0,4762.0,37783.0,33760.0,4023.0,52432.0
2010-04-30,10428.0,1971.0,8457.0,4087.0,27672.0,26752.0,920.0,42187.0
2010-05-31,-23398.0,-17872.0,-5526.0,-2544.0,13856.0,11221.0,2635.0,-12086.0
2010-06-30,-2742.0,-5207.0,2465.0,340.0,18775.0,16866.0,1909.0,16373.0
2010-07-31,-11879.0,-11521.0,-359.0,177.0,29082.0,25272.0,3810.0,17380.0
2010-08-31,-15027.0,-14145.0,-883.0,-464.0,30401.0,25208.0,5193.0,14910.0
2010-09-30,-8767.0,-12111.0,3344.0,3082.0,24833.0,22543.0,2291.0,19148.0
2010-10-31,685.0,-5831.0,6516.0,4633.0,22828.0,20844.0,1984.0,28146.0
2010-11-30,649.0,-6396.0,7045.0,5112.0,-1875.0,5798.0,-7673.0,3885.0
2010-12-31,1295.0,-12523.0,13818.0,3889.0,-21314.0,-8008.0,-13307.0,-16131.0
2011-01-31,18738.0,10799.0,7939.0,8992.0,-2035.0,10362.0,-12397.0,25695.0
2011-02-28,11425.0,7386.0,4040.0,9091.0,7977.0,12277.0,-4299.0,28494.0
2011-03-31,2132.0,-5825.0,7957.0,4721.0,12978.0,15614.0,-2636.0,19831.0
2011-04-30,6348.0,1436.0,4912.0,5234.0,13969.0,17691.0,-3722.0,25551.0
2011-05-31,-4208.0,-6317.0,2109.0,4061.0,19655.0,19666.0,-11.0,19508.0
2011-06-30,-22248.0,-19858.0,-2390.0,2066.0,13196.0,12303.0,893.0,-6986.0
2011-07-31,-31769.0,-29330.0,-2440.0,885.0,9012.0,8980.0,31.0,-21873.0
2011-08-31,-28113.0,-25068.0,-3045.0,-3536.0,-4132.0,-3129.0,-1004.0,-35781.0
2011-09-30,-12555.0,-13751.0,1196.0,1130.0,9782.0,8142.0,1640.0,-1642.0
2011-10-31,-20687.0,-18185.0,-2502.0,4486.0,11992.0,10027.0,1965.0,-4209.0
2011-11-30,-18948.0,-14316.0,-4632.0,-4873.0,18602.0,15555.0,3047.0,-5218.0
2011-12-31,-29345.0,-20387.0,-8958.0,2503.0,9664.0,5057.0,4607.0,-17178.0
2012-01-31,-594.0,-2716.0,2121.0,8395.0,26527.0,19920.0,6607.0,34328.0
2012-02-29,1503.0,-1483.0,2986.0,8235.0,34715.0,28402.0,6313.0,44454.0
2012-03-31,-10157.0,-12180.0,2023.0,6333.0,30854.0,27342.0,3512.0,27029.0
2012-04-30,-6564.0,-15211.0,8647.0,3250.0,24735.0,22124.0,2612.0,21421.0
2012-05-31,-8693.0,-11717.0,3024.0,550.0,19012.0,14127.0,4885.0,10869.0
2012-06-30,-6433.0,-9315.0,2883.0,486.0,16507.0,12518.0,3989.0,10560.0
2012-07-31,-9013.0,-9066.0,53.0,4564.0,25026.0,19575.0,5451.0,20578.0
2012-08-31,-18095.0,-14374.0,-3721.0,5770.0,31898.0,26430.0,5468.0,19574.0
2012-09-30,-24439.0,-19760.0,-4678.0,5965.0,29175.0,25162.0,4013.0,10701.0
2012-10-31,-16418.0,-14439.0,-1979.0,3858.0,34517.0,29653.0,4864.0,21957.0
2012-11-30,-23169.0,-19322.0,-3847.0,-1593.0,23734.0,18556.0,5177.0,-1029.0
2012-12-31,-30666.0,-26315.0,-4352.0,299.0,7250.0,10396.0,-3146.0,-23118.0
2013-01-31,37534.0,18526.0,19009.0,10158.0,32687.0,25506.0,7181.0,80379.0
2013-02-28,14368.0,-1364.0,15732.0,9028.0,20276.0,17827.0,2449.0,43673.0
2013-03-31,14777.0,2296.0,12481.0,7005.0,16144.0,16438.0,-294.0,37926.0
2013-04-30,5645.0,-1119.0,6764.0,12536.0,12063.0,13862.0,-1798.0,30245.0
2013-05-31,6202.0,-3529.0,9731.0,5708.0,12849.0,13787.0,-937.0,24760.0
2013-06-30,6168.0,-4243.0,10410.0,601.0,-59319.0,-42747.0,-16573.0,-52550.0
2013-07-31,19350.0,8996.0,10354.0,8375.0,-16371.0,-6138.0,-10233.0,11354.0
2013-08-31,7439.0,-1027.0,8467.0,5073.0,-28883.0,-16813.0,-12071.0,-16371.0
2013-09-30,4881.0,-3384.0,8264.0,4141.0,-10969.0,-4536.0,-6433.0,-1948.0
2013-10-31,20683.0,8013.0,12670.0,5236.0,-15618.0,-10233.0,-5385.0,10301.0
2013-11-30,22318.0,6400.0,15918.0,1868.0,-14147.0,-9689.0,-4459.0,10038.0
2013-12-31,-215.0,-12190.0,11975.0,224.0,-19630.0,-9570.0,-10060.0,-19621.0
2014-01-31,23761.0,6952.0,16810.0,2963.0,2490.0,2057.0,433.0,29214.0
2014-02-28,19062.0,9386.0,9676.0,5627.0,8714.0,7034.0,1681.0,33403.0
2014-03-31,10452.0,1997.0,8455.0,3803.0,13799.0,12246.0,1553.0,28054.0
2014-04-30,6267.0,-455.0,6722.0,4900.0,8727.0,7537.0,1190.0,19894.0
2014-05-31,-229.0,-7167.0,6938.0,3744.0,12036.0,8490.0,3545.0,15550.0
2014-06-30,-2072.0,-10476.0,8404.0,4347.0,11684.0,9335.0,2349.0,13959.0
2014-07-31,-6542.0,-13811.0,7269.0,3452.0,10748.0,9340.0,1409.0,7658.0
2014-08-31,1161.0,-6497.0,7658.0,2075.0,5237.0,1981.0,3256.0,8473.0
2014-09-30,-5211.0,-13411.0,8200.0,1944.0,-19372.0,-22389.0,3017.0,-22640.0
2014-10-31,5243.0,262.0,4981.0,-1947.0,-6251.0,-8405.0,2154.0,-2955.0
2014-11-30,-2507.0,-6092.0,3585.0,992.0,14945.0,11979.0,2966.0,13429.0
2014-12-31,-23948.0,-20662.0,-3286.0,-3975.0,-19142.0,-23577.0,4435.0,-47066.0
2015-01-31,13010.0,6601.0,6409.0,2668.0,9988.0,5388.0,4600.0,25665.0
2015-02-28,8966.0,1775.0,7190.0,3389.0,17156.0,14526.0,2630.0,29511.0
2015-03-31,5063.0,-8618.0,13680.0,3384.0,6309.0,4827.0,1482.0,14755.0
2015-04-30,-1436.0,-19649.0,18212.0,277.0,6749.0,6351.0,398.0,5589.0
2015-05-31,-3844.0,-16767.0,12924.0,1346.0,5475.0,6106.0,-631.0,2978.0
2015-06-30,-2996.0,-16606.0,13610.0,42.0,8238.0,9969.0,-1731.0,5284.0
2015-07-31,-9547.0,-27907.0,18361.0,-1388.0,-8197.0,-7541.0,-655.0,-19131.0
2015-08-31,-9347.0,-17562.0,8215.0,-6390.0,-23513.0,-22067.0,-1446.0,-39250.0
2015-09-30,-9233.0,-14947.0,5713.0,-5032.0,-20022.0,-19535.0,-488.0,-34288.0
2015-10-31,-9815.0,-11876.0,2061.0,-2396.0,4358.0,1977.0,2381.0,-7853.0
2015-11-30,-20482.0,-19523.0,-959.0,-4459.0,-5023.0,-7505.0,2482.0,-29964.0
2015-12-31,-36806.0,-25416.0,-11390.0,-12260.0,-27058.0,-32828.0,5770.0,-76124.0
2016-01-31,-4927.0,-15549.0,10622.0,-10617.0,-5185.0,-9454.0,4269.0,-20729.0
2016-02-29,8779.0,-2322.0,11101.0,-1366.0,1189.0,-3497.0,4686.0,8602.0
2016-03-31,-9971.0,-9814.0,-157.0,3131.0,21501.0,16088.0,5413.0,14661.0
2016-04-30,-23767.0,-19442.0,-4325.0,434.0,19003.0,13424.0,5579.0,-4331.0
2016-05-31,-17369.0,-17342.0,-27.0,-1415.0,13195.0,5897.0,7297.0,-5589.0
2016-06-30,-18967.0,-14678.0,-4289.0,-4173.0,8641.0,2294.0,6348.0,-14499.0
2016-07-31,-37875.0,-31402.0,-6473.0,-1816.0,24351.0,18325.0,6026.0,-15340.0
2016-08-31,-32418.0,-24807.0,-7611.0,-588.0,23075.0,16451.0,6624.0,-9932.0
2016-09-30,-22398.0,-15377.0,-7021.0,-4229.0,17599.0,13742.0,3857.0,-9028.0
2016-10-31,-37928.0,-31452.0,-6477.0,-5058.0,10195.0,8822.0,1373.0,-32792.0
2016-11-30,-27965.0,-25929.0,-2035.0,-7595.0,-16520.0,-5693.0,-10827.0,-52080.0
2016-12-31,-33591.0,-26960.0,-6630.0,-12268.0,-10186.0,7459.0,-17644.0,-56045.0
2017-01-31,-7754.0,-10919.0,3165.0,-2233.0,21628.0,17502.0,4126.0,11641.0
2017-02-28,4405.0,-2684.0,7089.0,-121.0,23733.0,21639.0,2095.0,28017.0
2017-03-31,-14101.0,-13391.0,-710.0,-2053.0,29137.0,28261.0,875.0,12983.0
2017-04-30,-12498.0,-19556.0,7058.0,-2257.0,15061.0,12551.0,2510.0,306.0
2017-05-31,3144.0,-9228.0,12372.0,-1775.0,26335.0,23352.0,2983.0,27705.0
2017-06-30,-9412.0,-18478.0,9067.0,-2767.0,19875.0,17132.0,2743.0,7696.0
2017-07-31,-13777.0,-25525.0,11748.0,-2312.0,20408.0,18144.0,2263.0,4319.0
2017-08-31,-16476.0,-24534.0,8058.0,-3897.0,20292.0,16450.0,3842.0,-81.0
2017-09-30,-21998.0,-22609.0,611.0,-2236.0,25127.0,22422.0,2705.0,892.0
2017-10-31,-15969.0,-22083.0,6114.0,-2211.0,29780.0,27775.0,2005.0,11599.0
2017-11-30,-16434.0,-24047.0,7613.0,-3236.0,14936.0,13573.0,1363.0,-4734.0
2017-12-31,-38329.0,-43086.0,4757.0,-3620.0,13421.0,14602.0,-1181.0,-28528.0
2018-01-31,-7072.0,-24523.0,17451.0,50.0,47020.0,36937.0,10083.0,39998.0
2018-02-28,-8367.0,-19556.0,11189.0,-3612.0,48.0,1133.0,-1085.0,-11931.0
2018-03-31,266.0,-12007.0,12273.0,-1999.0,11577.0,10081.0,1496.0,9844.0
2018-04-30,-9290.0,-12662.0,3372.0,-3913.0,6537.0,8492.0,-1956.0,-6666.0
2018-05-31,-8734.0,-15718.0,6984.0,-3814.0,7023.0,6287.0,736.0,-5525.0
2018-06-30,-19894.0,-24287.0,4392.0,-7136.0,10814.0,9450.0,1364.0,-16215.0
2018-07-31,-20871.0,-18866.0,-2005.0,-6144.0,17211.0,14035.0,3176.0,-9804.0
2018-08-31,-24453.0,-23101.0,-1352.0,-6353.0,13014.0,11158.0,1856.0,-17792.0
2018-09-30,-27929.0,-25452.0,-2476.0,-6215.0,11523.0,11759.0,-236.0,-22620.0
2018-10-31,-19030.0,-15090.0,-3940.0,-11351.0,-31398.0,-26989.0,-4408.0,-61778.0
2018-11-30,-25770.0,-17982.0,-7787.0,-12413.0,-26107.0,-21245.0,-4862.0,-64290.0
2018-12-31,-89350.0,-43885.0,-45464.0,-28308.0,-65554.0,-63573.0,-1981.0,-183212.0
2019-01-31,9475.0,3646.0,5829.0,-972.0,14418.0,6523.0,7895.0,22920.0
2019-02-28,-12577.0,-10832.0,-1745.0,-2654.0,35934.0,25041.0,10893.0,20704.0
2019-03-31,-24629.0,-19424.0,-5205.0,-6101.0,28933.0,21210.0,7723.0,-1797.0
2019-04-30,-42400.0,-26785.0,-15615.0,-4838.0,34461.0,28120.0,6342.0,-12777.0
2019-05-31,-8777.0,-12279.0,3501.0,-4220.0,14599.0,6918.0,7682.0,1602.0
2019-06-30,-36633.0,-27572.0,-9061.0,-4759.0,14349.0,7951.0,6398.0,-27043.0
2019-07-31,-41214.0,-34710.0,-6503.0,-2803.0,36474.0,27498.0,8976.0,-7543.0
2019-08-31,-22270.0,-23347.0,1078.0,-7636.0,8964.0,1185.0,7778.0,-20942.0
2019-09-30,-41931.0,-34404.0,-7526.0,-5468.0,24347.0,19474.0,4873.0,-23053.0
2019-10-31,-43293.0,-31180.0,-12113.0,-2641.0,28310.0,21159.0,7151.0,-17624.0
2019-11-30,-37575.0,-34004.0,-3571.0,-2367.0,34963.0,26420.0,8542.0,-4979.0
2019-12-31,-60133.0,-51261.0,-8871.0,-4926.0,36582.0,27595.0,8988.0,-28476.0
2020-01-31,51740.0,,31297.0,,20654.0,,10643.0,
2020-02-29,13064.0,,-1893.0,,-1677.0,,-216.0,
2020-03-31,7668.0,,20328.0,,31004.0,,-10675.0,
2020-04-30,46712.0,,11587.0,,22695.0,,-11108.0,
2020-05-31,31195.0,,-5196.0,,4418.0,,-9614.0,
2020-06-30,55680.0,,17988.0,,11848.0,,6140.0,
2020-07-31,47961.0,,9677.0,,3477.0,,6200.0,
2020-08-31,30660.0,,12056.0,,3397.0,,8658.0,
2020-09-30,33641.0,,19490.0,,11878.0,,7612.0,
2020-10-31,31566.0,,12368.0,,5063.0,,7305.0,
2020-11-30,91608.0,,79497.0,,61277.0,,18220.0,
2020-12-31,59387.0,,44466.0,,15079.0,,29386.0,
2021-01-31,62742.0,,41590.0,,7346.0,,34244.0,
2021-02-28,95524.0,,86921.0,,62459.0,,24462.0,
2021-03-31,89650.0,,81258.0,,62025.0,,19233.0,
2021-04-30,79631.0,,52826.0,,35850.0,,16976.0,
2021-05-31,68249.0,,45097.0,,27922.0,,17175.0,
2021-06-30,100067.0,,80591.0,,62217.0,,18374.0,
2021-07-31,53375.0,,37938.0,,23281.0,,14657.0,
2021-08-31,68113.0,,50031.0,,40264.0,,9767.0,
2021-09-30,58885.0,,45525.0,,28855.0,,16670.0,
2021-10-31,78753.0,,61396.0,,53162.0,,8235.0,
2021-11-30,67885.0,,53821.0,,41647.0,,12175.0,
2021-12-31,112606.0,,93327.0,,74241.0,,19086.0,
2022-01-31,32084.0,,35687.0,,12840.0,,22847.0,
2022-02-28,69776.0,,54915.0,,45298.0,,9617.0,
2022-03-31,94456.0,,64220.0,,55387.0,,8833.0,
2022-04-30,-5570.0,,-17151.0,,-23191.0,,6040.0,
2022-05-31,78952.0,,47797.0,,43745.0,,4052.0,
2022-06-30,43756.0,,41103.0,,29569.0,,11534.0,
2022-07-31,37629.0,,15209.0,,10552.0,,4657.0,
2022-08-31,41324.0,,29058.0,,31429.0,,-2372.0,
2022-09-30,21901.0,,13986.0,,14018.0,,-32.0,
2022-10-31,87984.0,,61729.0,,52717.0,,9012.0,
2022-11-30,67826.0,,44285.0,,28920.0,,15365.0,
2022-12-31,39336.0,,27269.0,,16176.0,,11094.0,
2023-01-31,45549.0,,23075.0,,2514.0,,20561.0,
2023-02-28,2220.0,,-436.0,,-8469.0,,8032.0,
2023-03-31,36321.0,,6639.0,,6281.0,,357.0,
2023-04-30,28996.0,,15356.0,,12722.0,,2634.0,
2023-05-31,30849.0,,13725.0,,8110.0,,5615.0,
2023-06-30,74980.0,,60600.0,,48470.0,,12130.0,
2023-07-31,57360.0,,42080.0,,34851.0,,7229.0,
2023-08-31,13628.0,,6488.0,,5076.0,,1412.0,
2023-09-30,37770.0,,28674.0,,29327.0,,-653.0,
2023-10-31,36186.0,,20097.0,,21599.0,,-1502.0,
2023-11-30,105399.0,,75203.0,,67704.0,,7500.0,
2023-12-31,127939.0,,110720.0,,90755.0,,19965.0,
2024-01-31,69112.0,,48941.0,,43908.0,,5032.0,
2024-02-29,45228.0,,37626.0,,28620.0,,9006.0,
2024-03-31,112136.0,,91607.0,,78541.0,,13066.0,
2024-04-30,27815.0,,10318.0,,6560.0,,3758.0,
2024-05-31,94838.0,,67364.0,,57845.0,,9518.0,
2024-06-30,74659.0,,48461.0,,36492.0,,11968.0,
2024-07-31,145588.0,,102870.0,,103614.0,,-744.0,
2024-08-31,63441.0,,29164.0,,30833.0,,-1669.0,
2024-09-30,90563.0,,60767.0,,45424.0,,15342.0,
2024-10-31,119519.0,,82466.0,,64166.0,,18300.0,
2024-11-30,156653.0,,127829.0,,125162.0,,2667.0,
2024-12-31,145299.0,,132323.0,,121434.0,,10890.0,
2025-01-31,94850.0,,57663.0,,54993.0,,2670.0,
2025-02-28,113522.0,,62140.0,,50062.0,,12077.0,
2025-03-31,90141.0,,59896.0,,43622.0,,16274.0,
2025-04-30,56394.0,,39585.0,,32990.0,,6594.0,
2025-05-31,78224.0,,42369.0,,23975.0,,18394.0,
2025-06-30,109525.0,,66597.0,,40253.0,,26345.0,
2025-07-31,113202.0,,81481.0,,57963.0,,23518.0,
2025-08-31,111050.0,,55179.0,,42375.0,,12804.0,
2025-09-30,141759.0,,88877.0,,60578.0,,28299.0,
2025-10-31,181839.0,,120474.0,,91443.0,,29031.0,
2025-11-30,148029.0,,101044.0,,75328.0,,25716.0,
2025-12-31,229424.0,,180567.0,,134142.0,,46425.0,
2026-01-31,152650.0,,91768.0,,26340.0,,65427.0,
2026-02-28,184710.0,,105125.0,,48502.0,,56623.0,
2026-03-31,110252.0,,72372.0,,47611.0,,24761.0,
2026-04-30,164067.0,,130406.0,,103113.0,,27293.0,
2026-05-31,183462.0,,113883.0,,94765.0,,19118.0,
