,open,close,high,low,vol
2011-05-13,1340.2,1337.77,1359.44,1332.03,19539110000.0
2011-05-20,1334.77,1333.27,1346.82,1318.51,19514380000.0
2011-05-27,1333.07,1331.1,1334.62,1311.8,17595530000.0
2011-06-03,1331.1,1300.16,1345.2,1297.9,16204530000.0
2011-06-10,1300.26,1270.98,1300.26,1268.28,18551800000.0
2011-06-17,1271.31,1271.5,1292.5,1258.07,20466010000.0
2011-06-24,1271.5,1268.45,1298.61,1262.87,19888020000.0
2011-07-01,1268.44,1339.67,1341.01,1267.53,19505540000.0
2011-07-08,1339.59,1343.8,1356.48,1330.92,14950400000.0
2011-07-15,1343.31,1316.14,1343.31,1306.51,20768430000.0
2011-07-22,1315.94,1345.02,1347.0,1295.92,20550440000.0
2011-07-29,1344.32,1292.28,1344.32,1282.86,21035970000.0
2011-08-05,1292.59,1199.38,1307.38,1168.09,26341740000.0
2011-08-12,1198.48,1178.81,1198.48,1101.54,19325310000.0
2011-08-19,1178.86,1123.53,1208.47,1122.05,22135160000.0
2011-08-26,1123.55,1176.8,1190.68,1121.09,26548480000.0
2011-09-02,1177.91,1173.97,1230.71,1170.56,23250630000.0
2011-09-09,1173.97,1154.23,1204.4,1140.13,18596560000.0
2011-09-16,1153.5,1216.01,1220.06,1136.07,24565280000.0
2011-09-23,1214.99,1136.43,1220.39,1114.22,25641420000.0
2011-09-30,1136.91,1131.42,1195.86,1131.07,24801410000.0
2011-10-07,1131.21,1155.46,1171.4,1074.77,22574340000.0
2011-10-14,1158.15,1224.58,1224.61,1158.15,22779620000.0
2011-10-21,1224.47,1238.25,1239.03,1191.48,23838320000.0
2011-10-28,1238.72,1285.09,1292.66,1221.06,24561180000.0
2011-11-04,1284.96,1253.23,1284.96,1215.42,22746070000.0
2011-11-11,1253.21,1263.85,1277.55,1226.64,19370910000.0
2011-11-18,1263.85,1215.65,1264.25,1209.43,19328050000.0
2011-11-25,1215.62,1158.67,1215.62,1158.66,13424920000.0
2011-12-02,1158.67,1244.28,1260.08,1158.67,21678300000.0
2011-12-09,1244.33,1255.19,1267.06,1231.47,20171810000.0
2011-12-16,1255.05,1219.66,1255.05,1209.47,21176570000.0
2011-12-23,1219.74,1265.33,1265.42,1202.37,16400510000.0
2011-12-30,1265.02,1257.6,1269.37,1248.64,9030550000.0
2012-01-06,1258.86,1277.81,1284.62,1258.86,15509070000.0
2012-01-13,1277.83,1289.09,1296.82,1274.55,19273940000.0
2012-01-20,1290.22,1315.38,1315.49,1290.22,16485160000.0
2012-01-27,1315.29,1316.33,1333.47,1306.06,20404830000.0
2012-02-03,1316.16,1344.9,1345.34,1300.49,21128390000.0
2012-02-10,1344.32,1342.64,1354.32,1335.92,19306360000.0
2012-02-17,1343.06,1361.23,1363.4,1340.8,19414420000.0
2012-02-24,1361.22,1365.74,1368.92,1352.28,14720720000.0
2012-03-02,1365.2,1369.63,1378.04,1354.92,18913110000.0
2012-03-09,1369.59,1370.87,1374.76,1340.03,18383450000.0
2012-03-16,1370.78,1404.17,1405.88,1366.69,21406220000.0
2012-03-23,1404.17,1397.11,1414.0,1386.87,18414980000.0
2012-03-30,1397.11,1408.47,1419.15,1391.56,18492280000.0
2012-04-05,1408.47,1398.08,1422.38,1392.92,14636130000.0
2012-04-13,1397.45,1370.26,1397.45,1357.38,19093190000.0
2012-04-20,1370.27,1378.53,1392.76,1365.38,18507460000.0
2012-04-27,1378.53,1403.36,1406.64,1358.79,18950920000.0
2012-05-04,1403.26,1369.1,1415.32,1367.96,19165870000.0
2012-05-11,1368.79,1353.39,1373.91,1343.13,19706660000.0
2012-05-18,1351.93,1295.22,1351.93,1291.98,21259330000.0
2012-05-25,1295.73,1317.82,1328.49,1295.73,18829090000.0
2012-06-01,1318.9,1278.04,1334.93,1277.25,16202900000.0
2012-06-08,1278.29,1325.66,1329.05,1266.74,19438880000.0
2012-06-15,1325.72,1342.84,1343.32,1306.62,18576250000.0
2012-06-22,1342.42,1335.02,1363.46,1324.41,20136440000.0
2012-06-29,1334.9,1362.16,1362.17,1309.27,18761520000.0
2012-07-06,1362.33,1354.68,1374.81,1348.03,11204700000.0
2012-07-13,1354.66,1356.78,1361.54,1325.41,16669120000.0
2012-07-20,1356.5,1362.66,1380.39,1345.07,18040410000.0
2012-07-27,1362.34,1385.97,1389.19,1329.24,20155950000.0
2012-08-03,1385.94,1390.99,1394.16,1354.65,19419460000.0
2012-08-10,1391.04,1405.87,1407.14,1391.04,15913920000.0
2012-08-17,1405.87,1418.16,1418.71,1397.32,14123730000.0
2012-08-24,1417.85,1411.13,1426.68,1398.04,14718990000.0
2012-08-31,1411.13,1406.58,1416.17,1397.01,13141340000.0
2012-09-07,1406.54,1437.92,1437.92,1396.56,14259910000.0
2012-09-14,1437.92,1465.77,1474.51,1428.98,20023040000.0
2012-09-21,1465.42,1460.15,1467.07,1449.98,18527570000.0
2012-09-28,1459.76,1440.67,1463.24,1430.53,16973760000.0
2012-10-05,1440.9,1460.93,1470.96,1439.01,17147310000.0
2012-10-12,1460.93,1428.59,1460.93,1425.53,15577390000.0
2012-10-19,1428.75,1433.19,1464.02,1427.24,18463100000.0
2012-10-26,1433.21,1411.94,1435.46,1403.28,16987410000.0
2012-11-02,1410.99,1414.2,1434.27,1405.95,11239480000.0
2012-11-09,1414.02,1379.85,1433.38,1373.03,18011370000.0
2012-11-16,1379.86,1359.88,1388.81,1343.35,18107380000.0
2012-11-23,1359.88,1409.15,1409.16,1359.88,10754010000.0
2012-11-30,1409.15,1416.18,1419.7,1385.43,16954180000.0
2012-12-07,1416.34,1418.07,1423.73,1398.23,16930770000.0
2012-12-14,1418.07,1413.58,1438.59,1411.88,16918840000.0
2012-12-21,1413.54,1430.15,1448.0,1413.54,20543390000.0
2012-12-28,1430.15,1402.43,1430.15,1401.58,8790850000.0
2013-01-04,1402.43,1466.47,1467.94,1398.11,14660950000.0
2013-01-11,1466.47,1472.05,1472.75,1451.64,18003450000.0
2013-01-18,1472.05,1485.98,1485.98,1463.76,17024890000.0
2013-01-25,1485.98,1502.96,1503.26,1481.16,14298680000.0
2013-02-01,1502.96,1513.17,1514.41,1496.33,18901190000.0
2013-02-08,1513.17,1517.93,1518.31,1495.02,17220660000.0
2013-02-15,1517.93,1519.79,1524.69,1513.61,17082600000.0
2013-02-22,1519.79,1515.6,1530.94,1497.29,15683400000.0
2013-03-01,1515.6,1518.2,1525.84,1485.01,19146110000.0
2013-03-08,1518.2,1551.18,1552.48,1512.29,17988980000.0
2013-03-15,1551.15,1560.7,1563.62,1547.36,18074930000.0
2013-03-22,1560.7,1556.89,1561.56,1538.57,16501510000.0
2013-03-28,1556.89,1569.19,1570.28,1546.22,12266080000.0
2013-04-05,1569.18,1553.28,1573.66,1539.5,16991960000.0
2013-04-12,1553.26,1588.85,1597.35,1548.63,16193490000.0
2013-04-19,1588.84,1555.25,1588.84,1536.03,20025810000.0
2013-04-26,1555.25,1582.24,1592.64,1548.19,17250470000.0
2013-05-03,1582.34,1614.42,1618.46,1581.28,17137450000.0
2013-05-10,1614.4,1633.7,1635.01,1614.21,16470390000.0
2013-05-17,1632.1,1667.47,1667.47,1626.74,16979670000.0
2013-05-24,1665.71,1649.6,1687.18,1635.53,17853250000.0
2013-05-31,1652.63,1630.74,1674.21,1630.74,14642760000.0
2013-06-07,1631.71,1643.38,1646.53,1598.23,18157630000.0
2013-06-14,1644.67,1626.73,1648.69,1608.07,15935010000.0
2013-06-21,1630.64,1592.43,1654.19,1577.7,20459250000.0
2013-06-28,1588.77,1606.28,1620.07,1560.33,20394900000.0
2013-07-05,1609.78,1631.89,1632.07,1604.57,11022010000.0
2013-07-12,1634.2,1680.19,1680.19,1634.2,16166370000.0
2013-07-19,1679.59,1692.09,1693.12,1671.84,15613300000.0
2013-07-26,1694.41,1691.65,1698.78,1676.03,15296700000.0
2013-08-02,1690.32,1709.67,1709.67,1681.86,16920240000.0
2013-08-09,1708.01,1691.42,1709.24,1684.91,14910070000.0
2013-08-16,1688.37,1655.83,1696.81,1652.61,15334290000.0
2013-08-23,1655.25,1663.5,1664.85,1639.43,13950930000.0
2013-08-30,1664.29,1632.97,1669.51,1627.47,13695720000.0
2013-09-06,1635.95,1655.17,1664.83,1633.41,13124750000.0
2013-09-13,1656.85,1687.99,1689.97,1656.85,15772830000.0
2013-09-20,1691.7,1709.91,1729.86,1691.7,18657960000.0
2013-09-27,1711.44,1691.75,1711.44,1687.11,15310240000.0
2013-10-04,1687.26,1690.5,1696.55,1670.36,15855840000.0
2013-10-11,1687.15,1703.2,1703.44,1646.47,16132530000.0
2013-10-18,1699.86,1744.5,1745.31,1692.13,16512980000.0
2013-10-25,1745.2,1759.77,1759.82,1740.5,17464350000.0
2013-11-01,1759.42,1761.64,1775.22,1752.7,17676620000.0
2013-11-08,1763.4,1770.61,1774.54,1746.2,18014020000.0
2013-11-15,1769.96,1798.18,1798.22,1760.64,15476450000.0
2013-11-22,1798.82,1804.76,1804.84,1777.23,15813880000.0
2013-11-29,1806.33,1805.81,1813.55,1800.58,10637550000.0
2013-12-06,1806.55,1805.09,1810.02,1779.09,16668560000.0
2013-12-13,1806.21,1775.32,1811.52,1772.28,16086600000.0
2013-12-20,1777.48,1818.32,1823.75,1767.99,19402600000.0
2013-12-27,1822.92,1841.4,1844.89,1822.92,8194360000.0
2014-01-03,1841.47,1831.37,1849.44,1827.74,10461570000.0
2014-01-10,1832.31,1842.37,1843.23,1823.73,17375600000.0
2014-01-17,1841.26,1838.7,1850.84,1815.52,17839850000.0
2014-01-24,1841.05,1790.29,1849.31,1790.29,15747340000.0
2014-01-31,1791.03,1782.59,1798.77,1770.45,19054250000.0
2014-02-07,1782.68,1797.02,1798.03,1737.92,20380140000.0
2014-02-14,1796.2,1838.63,1841.65,1791.83,16742180000.0
2014-02-21,1839.03,1836.25,1847.5,1824.58,13891540000.0
2014-02-28,1836.78,1859.45,1867.92,1836.78,18711730000.0
2014-03-07,1857.68,1878.04,1883.57,1834.44,17512170000.0
2014-03-14,1877.86,1841.13,1882.35,1839.57,16641060000.0
2014-03-21,1842.81,1866.52,1883.97,1842.81,17678140000.0
2014-03-28,1867.67,1857.62,1875.92,1842.11,16779360000.0
2014-04-04,1859.16,1865.09,1897.28,1859.16,16381500000.0
2014-04-11,1863.92,1815.69,1872.53,1814.36,18333880000.0
2014-04-17,1818.18,1864.85,1869.63,1815.8,13344490000.0
2014-04-25,1865.79,1863.4,1884.89,1859.7,15348510000.0
2014-05-02,1865.0,1881.14,1891.33,1850.61,18038030000.0
2014-05-09,1879.45,1878.48,1889.07,1859.79,16112380000.0
2014-05-16,1880.03,1877.86,1902.17,1862.36,15469770000.0
2014-05-23,1876.66,1900.53,1901.26,1868.14,13605170000.0
2014-05-30,1902.01,1923.57,1924.03,1902.01,11860010000.0
2014-06-06,1923.87,1949.44,1949.44,1915.98,14147690000.0
2014-06-13,1948.97,1936.16,1955.55,1925.78,13863870000.0
2014-06-20,1934.84,1962.87,1963.91,1930.91,16251000000.0
2014-06-27,1962.92,1960.96,1968.17,1944.69,15983470000.0
2014-07-03,1960.79,1985.44,1985.59,1958.22,11075160000.0
2014-07-11,1984.22,1967.57,1984.22,1952.86,14692810000.0
2014-07-18,1969.86,1978.22,1983.94,1955.59,10589010000.0
2014-07-25,1976.0,1978.34,1991.39,1965.0,2177425576.0
2014-08-01,1978.25,1925.15,1984.85,1916.37,2548667493.0
2014-08-08,1926.62,1931.59,1942.92,1904.78,2387672625.0
2014-08-15,1933.43,1955.06,1964.04,1928.29,2041294061.0
2014-08-22,1958.36,1988.4,1994.76,1958.36,1966090165.0
2014-08-29,1991.74,2003.37,2005.04,1990.52,1733895731.0
2014-09-05,2004.07,2007.71,2011.17,1990.1,1673418873.0
2014-09-12,2007.17,1985.54,2007.17,1980.26,2189583682.0
2014-09-19,1986.04,2010.4,2019.26,1978.48,3229259404.0
2014-09-26,2009.08,1982.85,2009.08,1965.99,2406368865.0
2014-10-03,1978.96,1967.9,1985.17,1926.03,2655217296.0
2014-10-10,1970.01,1906.13,1977.84,1906.05,2925383603.0
2014-10-17,1905.65,1886.76,1912.09,1820.66,3886472561.0
2014-10-24,1885.62,1964.58,1965.27,1882.3,2775000310.0
2014-10-31,1962.97,2018.05,2018.19,1951.37,2741762757.0
2014-11-07,2018.21,2031.92,2034.26,2001.01,2535179244.0
2014-11-14,2032.01,2039.82,2046.18,2030.17,2217544232.0
2014-11-21,2038.29,2063.5,2071.46,2034.46,2558664600.0
2014-11-28,2065.07,2067.56,2075.76,2064.75,1992129156.0
2014-12-05,2065.78,2075.37,2079.47,2049.57,2570910308.0
2014-12-12,2074.84,2002.33,2075.78,2002.33,2881966616.0
2014-12-19,2005.03,2070.65,2077.85,1972.56,4320136220.0
2014-12-26,2069.28,2088.77,2092.7,2069.28,1535774855.0
2015-01-02,2087.63,2058.2,2093.55,2046.04,1481777387.0
2015-01-09,2054.44,2044.81,2064.43,1992.44,2886480514.0
2015-01-16,2046.13,2019.42,2056.93,1988.12,3159652883.0
2015-01-23,2020.76,2051.82,2064.62,2004.49,1974977389.0
2015-01-30,2050.42,1994.99,2057.62,1989.18,3246763697.0
2015-02-06,1996.67,2055.47,2072.4,1980.9,3057617818.0
2015-02-13,2053.47,2096.99,2097.03,2041.88,2606770082.0
2015-02-20,2096.47,2110.3,2110.61,2085.44,2099408241.0
2015-02-27,2109.83,2104.5,2119.59,2103.0,2578507236.0
2015-03-06,2105.23,2071.26,2117.52,2067.27,2628153492.0
2015-03-13,2072.25,2053.4,2083.49,2039.69,2742064873.0
2015-03-20,2055.35,2108.06,2113.92,2055.35,3734777877.0
2015-03-27,2107.99,2061.02,2114.86,2045.5,2752063565.0
2015-04-02,2064.11,2066.96,2088.97,2048.38,2206647057.0
2015-04-10,2064.87,2102.06,2102.61,2056.52,2469478044.0
2015-04-17,2102.03,2081.18,2111.91,2072.37,2657667283.0
2015-04-24,2084.11,2117.69,2120.92,2084.11,2594384860.0
2015-05-01,2119.29,2108.29,2125.92,2077.59,2886564531.0
2015-05-08,2110.23,2116.1,2120.95,2067.93,2590781725.0
2015-05-15,2115.56,2122.73,2123.89,2085.57,2496203850.0
2015-05-22,2121.3,2126.06,2134.72,2120.01,2306755533.0
2015-05-29,2125.34,2107.39,2126.22,2099.18,2263329317.0
2015-06-05,2108.64,2092.83,2121.92,2085.67,2504568917.0
2015-06-12,2092.34,2094.11,2115.02,2072.14,2463949890.0
2015-06-19,2091.34,2109.76,2126.65,2072.49,3184970708.0
2015-06-26,2112.5,2101.61,2129.87,2095.38,2866313523.0
2015-07-02,2098.63,2076.78,2098.63,2056.64,7896933672.0
2015-07-10,2073.95,2076.62,2083.74,2044.02,2623853127.0
2015-07-17,2080.03,2126.64,2128.91,2080.03,2701638433.0
2015-07-24,2126.85,2079.65,2132.82,2077.09,2858626338.0
2015-07-31,2078.19,2103.92,2114.24,2063.52,2981839353.0
2015-08-07,2104.49,2077.57,2112.66,2067.91,2814278828.0
2015-08-14,2080.98,2091.54,2105.35,2052.09,2682465979.0
2015-08-21,2089.7,1970.89,2103.47,1970.89,3180498111.0
2015-08-28,1965.15,1988.87,1993.48,1867.01,5061179356.0
2015-09-04,1986.73,1921.22,1986.73,1903.07,3665736046.0
2015-09-11,1927.3,1961.05,1988.63,1927.3,2607787935.0
2015-09-18,1963.06,1958.08,2020.86,1948.27,4238880934.0
2015-09-25,1960.84,1931.34,1979.64,1908.92,3174615641.0
2015-10-02,1929.18,1951.36,1951.36,1871.91,3799940074.0
2015-10-09,1954.33,2014.89,2020.13,1954.33,3369044412.0
2015-10-16,2015.65,2033.11,2033.54,1990.73,3043346205.0
2015-10-23,2031.73,2075.15,2079.74,2017.22,3305714673.0
2015-10-30,2075.08,2079.36,2094.32,2058.84,3250009444.0
2015-11-06,2080.76,2099.2,2116.48,2080.76,3032890871.0
2015-11-13,2096.56,2023.04,2096.56,2022.02,2968101530.0
2015-11-20,2022.08,2089.17,2097.06,2019.39,3119300014.0
2015-11-27,2089.41,2090.11,2095.61,2070.29,1858941549.0
2015-12-04,2090.95,2091.69,2104.27,2042.35,3513885259.0
2015-12-11,2090.42,2012.37,2090.42,2008.8,3342083830.0
2015-12-18,2013.37,2005.52,2076.72,1993.26,4598019877.0
2015-12-24,2010.27,2060.99,2067.36,2005.93,1952828638.0
2015-12-31,2057.77,2043.94,2081.56,2043.62,1563975292.0
2016-01-08,2038.2,1922.03,2038.2,1918.46,3817468527.0
2016-01-15,1926.12,1880.29,1950.33,1857.83,4524473100.0
2016-01-22,1888.66,1906.9,1908.85,1812.29,3617174575.0
2016-01-29,1906.28,1940.24,1940.24,1872.7,4296842027.0
2016-02-05,1936.94,1880.05,1947.2,1872.23,4127713419.0
2016-02-12,1873.25,1864.78,1881.6,1810.1,4388274839.0
2016-02-19,1871.44,1917.78,1930.68,1871.44,3252209149.0
2016-02-26,1924.44,1948.05,1962.96,1891.0,3212601397.0
2016-03-04,1947.13,1999.99,2009.13,1931.81,3723408649.0
2016-03-11,1996.11,2022.19,2022.37,1969.25,3269501508.0
2016-03-18,2019.27,2049.58,2052.36,2005.23,4098938199.0
2016-03-24,2047.88,2035.94,2056.6,2022.49,2233328051.0
2016-04-01,2037.89,2072.78,2075.07,2028.31,2835453256.0
2016-04-08,2073.19,2047.6,2074.02,2033.8,2933205192.0
2016-04-15,2050.23,2080.73,2087.84,2039.74,3064989600.0
2016-04-22,2078.83,2091.58,2111.05,2073.65,3099453473.0
2016-04-29,2089.37,2065.3,2099.89,2052.28,3392639875.0
2016-05-06,2067.17,2057.14,2083.42,2039.45,3051182157.0
2016-05-13,2057.55,2046.61,2084.87,2043.13,2814071474.0
2016-05-20,2046.53,2052.32,2071.88,2025.91,3099923551.0
2016-05-27,2052.23,2099.06,2099.06,2047.26,2626731787.0
2016-06-03,2100.13,2099.13,2105.26,2085.1,2657408206.0
2016-06-10,2100.83,2096.07,2120.55,2089.96,2600782274.0
2016-06-17,2091.75,2071.22,2098.12,2050.37,3570138211.0
2016-06-24,2075.58,2037.41,2113.32,2032.57,3583884366.0
2016-07-01,2031.45,2102.95,2108.71,2006.67,2969457795.0
2016-07-08,2095.05,2129.9,2131.71,2074.02,2444029532.0
2016-07-15,2131.72,2161.74,2169.05,2131.72,2801575850.0
2016-07-22,2162.04,2175.03,2175.63,2159.01,2580444103.0
2016-07-29,2173.71,2173.6,2177.09,2159.07,3062207869.0
2016-08-05,2173.15,2182.87,2182.87,2147.58,2767683228.0
2016-08-12,2183.76,2184.05,2188.45,2172.0,2251133825.0
2016-08-19,2186.08,2183.87,2193.81,2168.5,2516301953.0
2016-08-26,2181.58,2169.04,2193.42,2160.39,2355859151.0
2016-09-02,2170.19,2179.98,2184.87,2157.09,2562986577.0
2016-09-09,2181.61,2127.81,2187.87,2127.81,2344217956.0
2016-09-16,2120.86,2139.16,2163.3,2119.12,4020004047.0
2016-09-23,2143.99,2164.69,2179.99,2135.91,2624575690.0
2016-09-30,2158.54,2168.27,2175.3,2141.55,3035723947.0
2016-10-07,2164.33,2153.74,2165.86,2144.01,2814920674.0
2016-10-14,2160.39,2132.98,2169.6,2114.72,2598988751.0
2016-10-21,2132.95,2141.16,2148.44,2124.43,2725133131.0
2016-10-28,2148.5,2126.41,2154.79,2119.36,2872520913.0
2016-11-04,2129.78,2085.18,2133.25,2083.79,3245049744.0
2016-11-11,2100.59,2164.45,2182.3,2100.59,3890495526.0
2016-11-18,2165.64,2181.9,2189.89,2156.08,3291083195.0
2016-11-25,2186.43,2213.35,2213.35,2186.43,1950364896.0
2016-12-02,2210.21,2191.95,2214.1,2187.44,3525160841.0
2016-12-09,2200.65,2259.53,2259.8,2199.97,10698096295.0
2016-12-16,2258.83,2258.07,2277.53,2248.44,10717544019.0
2016-12-23,2259.24,2263.79,2272.56,2256.08,8034396085.0
2016-12-30,2266.23,2238.83,2273.82,2233.62,5279928821.0
2017-01-06,2251.57,2276.98,2282.1,2245.13,8560679119.0
2017-01-13,2273.59,2274.64,2279.27,2254.25,9889350011.0
2017-01-20,2269.14,2271.31,2276.96,2258.41,8334442902.0
2017-01-27,2267.78,2294.69,2300.99,2257.02,10431758264.0
2017-02-03,2286.01,2297.42,2298.31,2267.21,11672978065.0
2017-02-10,2294.28,2316.1,2319.23,2285.38,10280875365.0
2017-02-17,2321.72,2351.16,2351.31,2321.42,10577194413.0
2017-02-24,2354.91,2367.34,2368.26,2352.87,8453675998.0
2017-03-03,2365.23,2383.12,2400.98,2358.96,10948852086.0
2017-03-10,2375.23,2372.6,2378.8,2354.54,9924553965.0
2017-03-17,2371.56,2378.25,2390.01,2358.18,10908476043.0
2017-03-24,2378.24,2343.98,2381.93,2335.74,10437076203.0
2017-03-31,2329.11,2362.72,2370.42,2322.25,9463156439.0
2017-04-07,2362.34,2355.54,2378.36,2344.73,9775167547.0
2017-04-13,2357.16,2328.95,2366.37,2328.95,7100516174.0
2017-04-21,2332.62,2348.69,2361.37,2332.51,9638042448.0
2017-04-28,2370.33,2384.2,2398.16,2369.19,11222218762.0
2017-05-05,2388.5,2399.29,2399.29,2379.75,10595326564.0
2017-05-12,2399.94,2390.9,2403.87,2381.74,9497869919.0
2017-05-19,2393.98,2381.73,2405.77,2352.72,11211401381.0
2017-05-26,2387.21,2415.82,2418.71,2386.92,8962087811.0
2017-06-02,2411.67,2439.07,2440.23,2403.59,8560953557.0
2017-06-09,2437.83,2431.77,2446.2,2415.7,10674677510.0
2017-06-16,2425.88,2433.15,2443.75,2418.53,12403394900.0
2017-06-23,2442.55,2438.3,2453.82,2430.74,10987207235.0
2017-06-30,2443.32,2423.41,2450.42,2405.7,10321348600.0
2017-07-07,2431.39,2425.18,2439.17,2407.7,6887858936.0
2017-07-14,2424.51,2459.27,2463.54,2412.79,8870204708.0
2017-07-21,2459.5,2472.54,2477.62,2450.34,9196903759.0
2017-07-28,2472.04,2472.1,2484.04,2459.93,11300280520.0
2017-08-04,2475.94,2476.83,2480.38,2466.48,10300002775.0
2017-08-11,2477.14,2441.32,2490.87,2437.75,9025492622.0
2017-08-18,2454.96,2425.55,2474.93,2420.69,8853359495.0
2017-08-25,2425.5,2443.05,2454.77,2417.35,7987799513.0
2017-09-01,2447.35,2476.55,2480.38,2428.2,8181097039.0
2017-09-08,2470.35,2461.43,2471.97,2446.55,8265107270.0
2017-09-15,2474.52,2500.23,2500.23,2474.52,10723414303.0
2017-09-22,2502.51,2502.22,2508.85,2496.54,9393471582.0
2017-09-29,2499.39,2519.36,2519.44,2488.03,9483377496.0
2017-10-06,2521.2,2549.33,2552.51,2520.4,8664677147.0
2017-10-13,2551.39,2553.17,2557.65,2541.6,9001662450.0
2017-10-20,2555.57,2575.21,2575.44,2547.92,9360005479.0
2017-10-27,2578.08,2581.07,2582.98,2544.0,11596161531.0
2017-11-03,2577.75,2587.84,2588.42,2566.17,11256585320.0
2017-11-10,2587.47,2582.3,2597.02,2566.33,10577137881.0
2017-11-17,2576.53,2578.85,2590.09,2557.45,10471482478.0
2017-11-24,2579.49,2602.42,2604.21,2578.24,6031464290.0
2017-12-01,2602.66,2642.22,2657.74,2598.87,12088402243.0
2017-12-08,2657.19,2651.5,2665.19,2624.75,10817486013.0
2017-12-15,2652.19,2675.81,2679.63,2651.47,11577690383.0
2017-12-22,2685.92,2683.34,2694.97,2676.11,9466045627.0
2017-12-29,2679.09,2673.61,2692.12,2673.61,4773160339.0
2018-01-05,2683.73,2743.15,2743.45,2682.36,8348700144.0
2018-01-12,2742.67,2786.24,2787.85,2736.06,10184949119.0
2018-01-19,2798.96,2810.3,2810.33,2768.64,9766828877.0
2018-01-26,2809.16,2872.87,2872.87,2808.12,11311257893.0
2018-02-02,2867.23,2762.13,2870.62,2759.97,12592819297.0
2018-02-09,2741.06,2619.55,2763.39,2532.69,17387338994.0
2018-02-16,2636.75,2732.22,2754.42,2622.45,11703907723.0
2018-02-23,2722.99,2747.3,2747.76,2697.77,8326177245.0
2018-03-02,2757.37,2691.25,2789.15,2647.32,12312424436.0
2018-03-09,2681.06,2786.57,2786.57,2675.75,10870635573.0
2018-03-16,2790.54,2752.01,2801.9,2741.47,12149764541.0
2018-03-23,2741.38,2588.26,2741.38,2585.89,11405620182.0
2018-03-29,2619.35,2640.87,2674.78,2593.06,9858034430.0
2018-04-06,2633.45,2604.47,2672.08,2553.8,11054428714.0
2018-04-13,2617.18,2656.3,2680.26,2610.79,9590411604.0
2018-04-20,2670.1,2670.14,2717.49,2660.61,10235277181.0
2018-04-27,2675.4,2669.91,2683.55,2612.67,11123513746.0
2018-05-04,2675.05,2663.42,2682.92,2594.62,11135409397.0
2018-05-11,2669.36,2727.72,2732.86,2655.2,9732319907.0
2018-05-18,2733.37,2712.97,2742.1,2701.91,9449351441.0
2018-05-25,2725.95,2721.33,2742.24,2707.38,9376012106.0
2018-06-01,2705.11,2734.62,2736.93,2676.81,9025176278.0
2018-06-08,2741.67,2779.03,2779.9,2739.51,10039301942.0
2018-06-15,2780.18,2779.66,2791.47,2761.73,12102075871.0
2018-06-22,2765.79,2754.88,2774.99,2743.19,10717900279.0
2018-06-29,2742.94,2718.37,2746.09,2691.99,10679875495.0
2018-07-06,2704.95,2759.82,2764.41,2698.95,6203973698.0
2018-07-13,2768.51,2801.31,2804.53,2768.51,9029535104.0
2018-07-20,2801.43,2801.83,2816.76,2789.24,9779737180.0
2018-07-27,2799.17,2818.82,2848.03,2795.14,10452335813.0
2018-08-03,2819.0,2840.35,2840.38,2796.34,10310707860.0
2018-08-10,2840.29,2833.28,2863.43,2825.81,8661276849.0
2018-08-17,2835.46,2850.13,2855.63,2802.49,9620151075.0
2018-08-24,2853.93,2874.69,2876.16,2850.62,8483801349.0
2018-08-31,2884.69,2901.52,2916.5,2884.69,9137859740.0
2018-09-07,2896.96,2871.68,2900.18,2864.12,8197787319.0
2018-09-14,2881.39,2904.98,2908.3,2866.78,9748868978.0
2018-09-21,2903.83,2929.67,2940.91,2886.16,9994968282.0
2018-09-28,2921.83,2913.98,2931.15,2903.28,10140600957.0
2018-10-05,2926.29,2885.57,2939.86,2869.29,10490469780.0
2018-10-12,2877.53,2767.13,2894.83,2710.51,10591719966.0
2018-10-19,2763.83,2767.78,2816.94,2749.03,10572502476.0
2018-10-26,2773.94,2658.69,2778.94,2628.16,10735488072.0
2018-11-02,2682.65,2723.06,2756.55,2603.54,10736939310.0
2018-11-09,2726.37,2781.01,2815.15,2717.94,10668408308.0
2018-11-16,2773.93,2736.27,2775.99,2670.75,10715439473.0
2018-11-23,2730.74,2632.56,2733.16,2631.09,7343997898.0
2018-11-30,2649.97,2760.17,2760.88,2649.97,10634257862.0
2018-12-07,2790.5,2633.08,2800.18,2621.53,8589096294.0
2018-12-14,2630.86,2599.95,2685.44,2583.23,10732601030.0
2018-12-21,2590.75,2416.62,2601.13,2408.55,16048648157.0
2018-12-28,2400.56,2485.74,2520.27,2346.58,9217894268.0
2019-01-04,2498.94,2531.94,2538.07,2443.96,9648365961.0
2019-01-11,2535.61,2596.26,2597.82,2524.56,11842368623.0
2019-01-18,2580.31,2670.71,2675.47,2570.41,12028396102.0
2019-01-25,2657.88,2664.76,2672.38,2612.86,9763986468.0
2019-02-01,2644.97,2706.53,2716.66,2624.06,12823326934.0
2019-02-08,2706.49,2707.88,2738.98,2681.83,10971263638.0
2019-02-15,2712.4,2775.6,2775.66,2703.79,10936477870.0
2019-02-22,2769.28,2792.67,2794.2,2764.55,8190888440.0
2019-03-01,2804.35,2803.69,2813.49,2775.13,11134057582.0
2019-03-08,2814.37,2743.07,2816.88,2722.27,10728308583.0
2019-03-15,2747.61,2822.48,2830.73,2747.61,12000606007.0
2019-03-22,2822.61,2800.71,2860.31,2800.47,11372824380.0
2019-03-29,2796.01,2834.4,2836.03,2785.02,9720601692.0
2019-04-05,2848.63,2892.74,2893.24,2848.63,9645221945.0
2019-04-12,2888.46,2907.41,2910.54,2873.33,8853364460.0
2019-04-18,2908.32,2905.03,2918.0,2891.9,8168386686.0
2019-04-26,2898.78,2939.88,2939.88,2896.35,10124835292.0
2019-05-03,2940.58,2945.64,2954.13,2900.5,10457005180.0
2019-05-10,2908.89,2881.4,2937.32,2825.39,10187474288.0
2019-05-17,2840.19,2859.53,2892.15,2801.43,9962505350.0
2019-05-24,2841.94,2826.06,2868.88,2805.49,9322770532.0
2019-05-31,2830.03,2752.06,2840.51,2750.52,8552041813.0
2019-06-07,2751.53,2873.34,2884.97,2728.81,10544655324.0
2019-06-14,2885.83,2886.98,2910.61,2874.68,8713809331.0
2019-06-21,2889.75,2950.46,2964.15,2887.3,10538150875.0
2019-06-28,2951.42,2941.76,2954.92,2912.99,10444346069.0
2019-07-05,2971.41,2990.41,2995.84,2952.22,6080110356.0
2019-07-12,2979.77,3013.77,3013.92,2963.44,8174849370.0
2019-07-19,3017.8,2976.61,3017.8,2973.09,8756215878.0
2019-07-26,2981.93,3025.86,3027.98,2976.65,9247966778.0
2019-08-02,3024.47,2932.05,3025.61,2914.11,11247822653.0
2019-08-09,2898.07,2918.65,2938.72,2822.12,11251149553.0
2019-08-16,2907.07,2888.68,2943.31,2825.51,10597348683.0
2019-08-23,2913.48,2847.11,2939.08,2834.97,8985902112.0
2019-08-30,2866.7,2926.46,2940.43,2853.05,8430385327.0
2019-09-06,2909.01,2978.71,2985.86,2891.85,6993933003.0
2019-09-13,2988.43,3007.39,3020.74,2957.01,10442022097.0
2019-09-20,2996.41,2992.07,3021.99,2978.57,10204224154.0
2019-09-27,2983.5,2961.79,3007.98,2945.53,8723088452.0
2019-10-04,2967.07,2952.01,2992.53,2855.94,9162517220.0
2019-10-11,2944.23,2970.27,2993.28,2892.66,8322295561.0
2019-10-18,2965.81,2986.2,3008.29,2962.94,8359327199.0
2019-10-25,2996.48,3022.55,3027.39,2991.21,9062866913.0
2019-11-01,3032.12,3066.91,3066.95,3023.19,9809535282.0
2019-11-08,3078.96,3093.08,3097.77,3065.89,10238606046.0
2019-11-15,3080.33,3120.46,3120.46,3075.82,8333924558.0
2019-11-22,3117.91,3110.29,3127.64,3091.41,9619837306.0
2019-11-29,3117.44,3140.98,3154.26,3117.44,6727728049.0
2019-12-06,3143.85,3145.91,3150.6,3070.33,8913912810.0
2019-12-13,3141.86,3168.8,3182.68,3126.09,9144209476.0
2019-12-20,3183.63,3221.22,3225.65,3183.63,11867238653.0
2019-12-27,3226.05,3240.02,3247.93,3220.51,4342733857.0
2020-01-03,3240.09,3234.85,3258.14,3212.03,6046099096.0
2020-01-10,3217.55,3265.35,3282.99,3214.64,9192878825.0
2020-01-17,3271.13,3329.62,3329.88,3268.43,9486614523.0
2020-01-24,3321.03,3295.47,3337.77,3281.53,8183826263.0
2020-01-31,3247.16,3225.52,3293.47,3214.68,11217635469.0
2020-02-07,3235.66,3327.71,3347.96,3235.66,10311900088.0
2020-02-14,3318.28,3380.16,3385.09,3317.77,9198330107.0
2020-02-21,3369.04,3337.75,3393.52,3328.45,7786944777.0
2020-02-28,3257.61,2954.22,3259.81,2855.84,17948416140.0
2020-03-06,2974.28,2972.37,3136.72,2901.54,17913173304.0
2020-03-13,2863.89,2711.02,2882.59,2478.86,23515989115.0
2020-03-20,2508.59,2304.92,2562.98,2280.52,24535785955.0
2020-03-27,2290.71,2541.47,2637.01,2191.86,22148749030.0
2020-04-03,2558.98,2488.65,2641.39,2447.49,18492441257.0
2020-04-09,2578.28,2789.82,2818.57,2574.57,15945113362.0
2020-04-17,2782.46,2874.56,2879.22,2721.17,15877624340.0
2020-04-24,2845.62,2836.74,2868.98,2727.1,14613087223.0
2020-05-01,2854.65,2830.71,2954.86,2821.61,16532138476.0
2020-05-08,2815.01,2929.8,2932.16,2797.85,14156712082.0
2020-05-15,2915.46,2863.7,2945.82,2766.64,15485171826.0
2020-05-22,2913.86,2955.45,2980.29,2913.86,14315558727.0
2020-05-29,3004.08,3044.31,3068.67,2969.75,14539867647.0
2020-06-05,3038.78,3193.93,3211.72,3031.54,17003020333.0
2020-06-12,3199.92,3041.31,3233.13,2984.47,17933286200.0
2020-06-19,2993.76,3097.74,3155.53,2965.66,16371338014.0
2020-06-26,3094.42,3009.05,3154.9,3004.63,15575230264.0
2020-07-02,3018.59,3130.01,3165.81,2999.74,10415291343.0
2020-07-10,3155.29,3185.04,3186.82,3115.7,12063044402.0
2020-07-17,3205.08,3224.73,3238.28,3127.66,12595400005.0
2020-07-24,3224.29,3215.63,3279.99,3200.05,12254570790.0
2020-07-31,3219.84,3271.12,3272.17,3204.13,12549702666.0
2020-08-07,3288.26,3351.28,3352.54,3284.53,11926517589.0
2020-08-14,3356.04,3372.85,3387.89,3326.44,11387578451.0
2020-08-21,3380.86,3397.16,3399.96,3354.69,9590996037.0
2020-08-28,3418.09,3508.01,3509.23,3413.13,10677624814.0
2020-09-04,3509.73,3426.96,3588.11,3349.63,13608353944.0
2020-09-11,3371.88,3340.97,3425.55,3310.47,10501677925.0
2020-09-18,3363.56,3319.47,3428.92,3292.4,14517375347.0
2020-09-25,3285.57,3298.46,3323.35,3209.45,12367506736.0
2020-10-02,3333.9,3348.44,3397.18,3323.69,11488744311.0
2020-10-09,3367.27,3477.13,3482.34,3354.54,10981192763.0
2020-10-16,3500.02,3483.81,3549.85,3440.89,11016269421.0
2020-10-23,3493.66,3465.39,3502.42,3415.34,10922749809.0
2020-10-30,3441.42,3269.96,3441.42,3233.94,13707807184.0
2020-11-06,3296.2,3509.44,3529.05,3279.74,12486218579.0
2020-11-13,3583.04,3585.15,3645.99,3511.91,15696264460.0
2020-11-20,3600.16,3557.54,3628.51,3543.84,12460173022.0
2020-11-27,3566.82,3638.35,3644.31,3552.77,9245711863.0
2020-12-04,3634.18,3699.12,3699.2,3594.39,13892707542.0
2020-12-11,3694.73,3663.46,3712.39,3633.4,12061854869.0
2020-12-18,3675.27,3709.41,3726.7,3645.84,13735639890.0
2020-12-24,3684.28,3703.06,3711.24,3636.48,7458082403.0
2020-12-31,3723.03,3756.07,3760.2,3723.03,6511588319.0
2021-01-08,3764.61,3824.68,3826.69,3662.71,13210502974.0
2021-01-15,3803.14,3768.25,3823.6,3749.62,12734909460.0
2021-01-22,3781.88,3841.47,3861.45,3780.37,9666076336.0
2021-01-29,3851.68,3714.24,3870.9,3694.12,15703175276.0
2021-02-05,3731.17,3886.83,3894.56,3725.62,11612830109.0
2021-02-12,3892.59,3934.83,3937.23,3884.94,10444542720.0
2021-02-19,3939.61,3906.71,3950.43,3885.03,8732953385.0
2021-02-26,3885.55,3811.15,3928.65,3789.54,14522483900.0
2021-03-05,3842.51,3841.94,3914.5,3723.34,14178872273.0
2021-03-12,3844.39,3943.34,3960.27,3819.25,13276581084.0
2021-03-19,3942.96,3913.1,3983.87,3886.75,14530515224.0
2021-03-26,3916.48,3974.54,3978.19,3853.5,12253224713.0
2021-04-01,3969.31,4019.87,4020.63,3943.25,9110004069.0
2021-04-09,4034.44,4128.8,4129.48,4034.44,10196316937.0
2021-04-16,4124.71,4185.47,4191.31,4114.82,10411749806.0
2021-04-23,4179.8,4180.17,4194.17,4118.38,10781895510.0
2021-04-30,4185.03,4181.17,4218.78,4174.85,11014201194.0
2021-05-07,4191.98,4232.6,4238.04,4128.59,10788413151.0
2021-05-14,4228.29,4173.85,4236.39,4056.88,11230162690.0
2021-05-21,4169.92,4155.86,4188.72,4061.41,11353602762.0
2021-05-28,4170.16,4204.11,4218.36,4170.16,11367657693.0
2021-06-04,4216.52,4229.89,4234.12,4167.93,8219213427.0
2021-06-11,4229.34,4247.44,4249.74,4208.41,9304697338.0
2021-06-18,4248.31,4166.45,4257.16,4164.4,12095700855.0
2021-06-25,4173.4,4280.7,4286.12,4173.4,10216921235.0
2021-07-02,4284.9,4352.34,4355.43,4274.67,9123510285.0
2021-07-09,4356.46,4369.55,4371.6,4289.37,7845970070.0
2021-07-16,4372.41,4327.16,4393.68,4322.53,9505076108.0
2021-07-23,4296.4,4411.79,4415.18,4233.13,11024385326.0
2021-07-30,4409.58,4395.26,4429.97,4372.51,10223796835.0
2021-08-06,4406.86,4436.52,4440.82,4373.0,10307550279.0
2021-08-13,4437.77,4468.0,4468.37,4424.74,8678122431.0
2021-08-20,4461.65,4441.67,4480.26,4367.73,9558341566.0
2021-08-27,4450.29,4509.37,4513.33,4450.29,8681198176.0
2021-09-03,4513.76,4535.43,4545.85,4513.76,8977289698.0
2021-09-10,4535.38,4458.58,4535.38,4457.66,7233598523.0
2021-09-17,4474.81,4432.99,4492.99,4427.76,11833358981.0
2021-09-24,4402.95,4455.48,4465.4,4305.91,10170430125.0
2021-10-01,4442.12,4357.04,4457.3,4288.52,10818301038.0
2021-10-08,4348.84,4391.34,4429.97,4278.94,10171603453.0
2021-10-15,4385.44,4471.37,4475.82,4329.92,9594010216.0
2021-10-22,4463.72,4544.9,4559.67,4447.47,9127828978.0
2021-10-29,4553.69,4605.38,4608.08,4537.36,10633360179.0
2021-11-05,4610.62,4697.53,4718.5,4595.06,11481061455.0
2021-11-12,4701.48,4682.85,4714.92,4630.86,10014852643.0
2021-11-19,4689.3,4697.96,4717.75,4672.78,10481980534.0
2021-11-26,4712.0,4594.62,4743.83,4585.43,8644804351.0
2021-12-03,4628.75,4538.43,4672.95,4495.12,15125792510.0
2021-12-10,4548.37,4712.02,4713.57,4540.51,11340137399.0
2021-12-17,4710.3,4620.64,4731.99,4600.22,14766459717.0
2021-12-23,4587.9,4725.79,4740.74,4531.1,8133072587.0
2021-12-31,4733.99,4766.18,4808.93,4733.99,6979158911.0
2022-01-07,4778.14,4677.03,4818.62,4662.74,12622987432.0
2022-01-14,4655.34,4662.85,4748.83,4582.24,11933767108.0
2022-01-21,4632.24,4397.94,4632.24,4395.34,10958678224.0
2022-01-28,4356.32,4431.85,4453.23,4222.62,16133480474.0
2022-02-04,4431.79,4500.53,4595.31,4414.02,13907244170.0
2022-02-11,4505.75,4418.64,4590.03,4401.41,12876928891.0
2022-02-18,4412.61,4348.87,4489.55,4327.22,12077757886.0
2022-02-25,4332.74,4384.65,4385.34,4114.65,11535492677.0
2022-03-04,4354.17,4328.87,4416.78,4279.54,14848875911.0
2022-03-11,4327.01,4204.31,4327.01,4157.87,15093428590.0
2022-03-18,4202.75,4463.12,4465.4,4161.72,14947214921.0
2022-03-25,4462.4,4543.06,4546.03,4424.3,11069830516.0
2022-04-01,4541.09,4545.86,4637.3,4507.57,11539788001.0
2022-04-08,4547.97,4488.28,4593.45,4450.04,12275073748.0
2022-04-14,4462.64,4392.59,4471.0,4381.34,9252603159.0
2022-04-22,4385.63,4271.78,4512.94,4267.62,11836155866.0
2022-04-29,4255.34,4131.93,4308.45,4124.28,13710505689.0
2022-05-06,4130.61,4123.34,4307.66,4062.51,13719078126.0
2022-05-13,4081.27,4023.89,4081.27,3858.87,14441203637.0
2022-05-20,4013.02,3901.36,4090.72,3810.32,13160921928.0
2022-05-27,3919.42,4158.24,4158.49,3875.13,11728939888.0
2022-06-03,4151.09,4108.54,4177.51,4073.85,9927151420.0
2022-06-10,4134.72,3900.86,4168.78,3900.16,10351611028.0
2022-06-17,3838.15,3674.84,3838.15,3636.87,16368394245.0
2022-06-24,3715.31,3911.74,3913.65,3715.31,11145953323.0
2022-07-01,3920.76,3825.33,3945.86,3738.67,11367498468.0
2022-07-08,3792.61,3899.38,3918.5,3742.06,8564687106.0
2022-07-15,3880.94,3863.16,3880.94,3721.56,10524408197.0
2022-07-22,3883.79,3961.63,4012.44,3818.63,11646699167.0
2022-07-29,3965.72,4130.29,4140.15,3910.74,11979150489.0
2022-08-05,4112.38,4145.19,4167.66,4079.81,11276189582.0
2022-08-12,4155.93,4280.15,4280.47,4112.09,10330708899.0
2022-08-19,4269.37,4228.48,4325.28,4218.7,9348061322.0
2022-08-26,4195.08,4057.66,4203.04,4057.66,9460277638.0
2022-09-02,4034.58,3924.26,4062.99,3903.65,10902519830.0
2022-09-09,3930.89,4067.36,4076.81,3886.75,8846827280.0
2022-09-16,4083.67,3873.33,4119.28,3837.08,14146890949.0
2022-09-23,3849.91,3693.23,3907.07,3647.47,12204302954.0
2022-09-30,3682.72,3585.62,3736.74,3584.13,13568987293.0
2022-10-07,3609.78,3639.66,3806.91,3604.93,13448850402.0
2022-10-14,3647.51,3583.07,3712.0,3491.58,13358238554.0
2022-10-21,3644.24,3752.75,3762.79,3638.65,13293752403.0
2022-10-28,3762.01,3901.06,3905.42,3741.65,14186977236.0
2022-11-04,3881.85,3770.55,3911.79,3698.15,14423496557.0
2022-11-11,3780.71,3992.93,4001.48,3744.22,14016474560.0
2022-11-18,3977.97,3965.34,4028.84,3906.54,12248780417.0
2022-11-25,3956.23,4026.12,4034.02,3933.34,6769708993.0
2022-12-02,4005.36,4071.7,4100.51,3937.65,12123363842.0
2022-12-09,4052.02,3934.38,4052.45,3918.39,11190064667.0
2022-12-16,3939.29,3852.36,4100.96,3827.91,15771213321.0
2022-12-23,3853.79,3844.82,3889.82,3764.49,10602480535.0
2022-12-30,3843.34,3839.5,3858.19,3780.78,6926248061.0
2023-01-06,3853.29,3895.08,3906.19,3794.33,9676308869.0
2023-01-13,3910.82,3999.09,4003.95,3877.29,11770517098.0
2023-01-20,3999.28,3972.61,4015.39,3885.54,10127428813.0
2023-01-27,3978.14,4070.56,4094.21,3949.06,11983064202.0
2023-02-03,4049.27,4136.48,4195.44,4015.55,14400545776.0
2023-02-10,4119.57,4090.46,4176.54,4060.79,12405225620.0
2023-02-17,4096.62,4079.09,4159.77,4047.95,11102230408.0
2023-02-24,4052.35,3970.04,4052.35,3943.08,9095820279.0
2023-03-03,3992.36,4045.64,4048.29,3928.16,11546118104.0
2023-03-10,4055.15,3861.59,4078.49,3846.32,12325480281.0
2023-03-17,3835.12,3916.64,3964.46,3808.86,20524553108.0
2023-03-24,3917.47,3970.99,4039.49,3909.16,13942233131.0
2023-03-31,3982.93,4109.31,4110.75,3951.53,11364243793.0
2023-04-06,4102.2,4105.02,4133.13,4069.84,9087123520.0
2023-04-14,4085.2,4137.64,4163.19,4072.55,10455325030.0
2023-04-21,4137.17,4133.52,4169.48,4113.86,11172663114.0
2023-04-28,4132.07,4169.48,4170.06,4049.35,12794229688.0
2023-05-05,4166.79,4136.25,4186.92,4048.28,13022414412.0
2023-05-12,4136.98,4124.08,4154.28,4098.92,10828405851.0
2023-05-19,4126.65,4191.98,4212.91,4109.86,11431752090.0
2023-05-26,4190.78,4205.45,4212.87,4103.98,12348560711.0
2023-06-02,4226.71,4282.37,4290.67,4166.15,12275783579.0
2023-06-09,4282.99,4298.86,4322.62,4261.07,11528776275.0
2023-06-16,4308.32,4409.59,4448.47,4304.37,14410585701.0
2023-06-23,4396.11,4348.33,4400.15,4341.34,9903566828.0
2023-06-30,4344.84,4450.38,4458.48,4328.08,11454428172.0
2023-07-07,4422.44,4398.95,4458.48,4385.05,7735224376.0
2023-07-14,4394.23,4505.42,4527.76,4389.92,11252485436.0
2023-07-21,4508.86,4536.34,4578.43,4504.9,13349808917.0
2023-07-28,4543.39,4582.23,4607.07,4528.56,11780056292.0
2023-08-04,4584.82,4478.03,4594.22,4474.55,11815787085.0
2023-08-11,4491.58,4464.05,4527.37,4443.98,10236358307.0
2023-08-18,4458.13,4369.71,4490.33,4335.31,10308912487.0
2023-08-25,4380.28,4405.71,4458.3,4356.29,10030512338.0
2023-09-01,4426.03,4515.77,4541.25,4414.98,9744706193.0
2023-09-08,4510.06,4457.49,4514.29,4430.46,8783970674.0
2023-09-15,4480.98,4450.32,4511.99,4447.21,13138953597.0
2023-09-22,4445.13,4320.06,4466.36,4316.49,10361883089.0
2023-09-29,4310.62,4288.05,4338.51,4238.63,10933659121.0
2023-10-06,4284.52,4308.5,4324.1,4216.45,11903696327.0
2023-10-13,4289.02,4327.78,4385.85,4283.79,10915486419.0
2023-10-20,4342.37,4224.16,4393.57,4223.03,12240643326.0
2023-10-27,4210.4,4117.37,4259.38,4103.78,13337555661.0
2023-11-03,4139.39,4358.34,4373.62,4132.94,13598622698.0
2023-11-10,4364.27,4415.24,4418.03,4343.94,11328188381.0
2023-11-17,4406.66,4514.02,4521.17,4393.82,11995037280.0
2023-11-24,4511.7,4559.34,4568.43,4510.36,7013320429.0
2023-12-01,4554.86,4594.63,4599.39,4537.24,12569823291.0
2023-12-08,4564.37,4604.37,4609.23,4546.5,11936064409.0
2023-12-15,4593.39,4719.19,4738.57,4593.39,16891814239.0
2023-12-22,4725.58,4754.63,4778.01,4697.82,11169843341.0
2023-12-29,4758.86,4769.83,4793.3,4751.99,6288704315.0
2024-01-05,4745.2,4697.24,4754.33,4682.11,9471138407.0
2024-01-12,4703.7,4783.83,4802.4,4699.82,11253534581.0
2024-01-19,4772.35,4839.81,4842.07,4714.82,10270368149.0
2024-01-26,4853.42,4890.97,4906.69,4844.05,12989163687.0
2024-02-02,4892.95,4958.61,4975.29,4845.15,13788708088.0
2024-02-09,4957.19,5026.61,5030.06,4918.09,12395817212.0
2024-02-16,5026.83,5005.57,5048.39,4920.31,11860967877.0
2024-02-23,4989.32,5088.8,5111.06,4946.0,9541903812.0
2024-03-01,5093.0,5137.08,5140.33,5057.29,12240145448.0
2024-03-08,5130.99,5123.69,5189.26,5056.82,12917267407.0
2024-03-15,5111.96,5117.09,5179.87,5091.14,14727186609.0
2024-03-22,5154.77,5234.18,5261.1,5131.59,11418837221.0
2024-03-28,5219.52,5254.35,5264.85,5203.42,9013178897.0
2024-04-05,5257.97,5204.34,5263.95,5146.06,11424700030.0
2024-04-12,5211.37,5123.41,5224.81,5107.94,10934812983.0
2024-04-19,5149.67,4967.23,5168.43,4953.56,11869268388.0
2024-04-26,4987.33,5099.96,5114.62,4969.4,12276359167.0
2024-05-03,5114.13,5127.79,5139.12,5011.05,13041188826.0
2024-05-10,5142.42,5222.68,5239.66,5142.42,10396639957.0
2024-05-17,5233.08,5303.27,5325.49,5211.16,10466178771.0
2024-05-24,5305.35,5304.72,5341.88,5256.93,9920076792.0
2024-05-31,5315.91,5277.51,5315.91,5191.68,10564378274.0
2024-06-07,5297.15,5346.99,5375.08,5234.32,10482366950.0
2024-06-14,5341.22,5431.6,5447.25,5327.25,12126189544.0
2024-06-21,5431.11,5464.62,5505.53,5420.4,13054480294.0
2024-06-28,5459.58,5460.48,5523.64,5446.56,14587443076.0
2024-07-05,5471.08,5567.19,5570.33,5446.53,8509753442.0
2024-07-12,5572.75,5615.35,5655.56,5562.51,12482127911.0
2024-07-19,5638.16,5505.0,5669.67,5497.04,13668587858.0
2024-07-26,5544.54,5459.1,5585.34,5390.95,14084527707.0
2024-08-02,5476.55,5346.56,5566.16,5302.03,16164412592.0
2024-08-09,5151.14,5344.16,5358.67,5119.26,14918572319.0
2024-08-16,5351.88,5554.25,5561.98,5324.37,12049000063.0
2024-08-23,5557.23,5634.61,5643.22,5550.74,10603985122.0
2024-08-30,5639.66,5648.4,5651.62,5560.95,11182507809.0
2024-09-06,5623.89,5408.42,5623.89,5402.62,10600346299.0
2024-09-13,5442.07,5626.02,5636.27,5406.96,12667908357.0
2024-09-20,5615.21,5702.55,5733.57,5604.53,15645315378.0
2024-09-27,5711.9,5738.17,5767.37,5698.99,12524822783.0
2024-10-04,5726.52,5751.07,5765.14,5674.0,11770835314.0
2024-10-11,5737.8,5815.03,5822.13,5686.85,11127758192.0
2024-10-18,5829.81,5864.67,5878.46,5804.48,11685321574.0
2024-10-25,5857.82,5808.12,5866.92,5762.41,11265574468.0
2024-11-01,5833.93,5728.8,5850.94,5702.86,13703310526.0
2024-11-08,5725.15,5995.54,6012.45,5696.51,14810086974.0
2024-11-15,6008.86,5870.62,6017.31,5853.01,13840131990.0
2024-11-22,5874.17,5969.34,5972.9,5855.29,13539244880.0
2024-11-29,5992.28,6032.38,6044.17,5963.91,9902063598.0
2024-12-06,6040.11,6090.27,6099.97,6033.39,13119761889.0
2024-12-13,6083.01,6051.09,6092.59,6029.89,13381650128.0
2024-12-20,6063.79,5930.85,6085.19,5832.3,18964567556.0
2024-12-27,5940.25,5970.84,6049.75,5902.57,6728312994.0
2025-01-03,5920.67,5942.47,5949.34,5829.53,8113821966.0
2025-01-10,5982.81,5827.04,6021.04,5807.78,11037255871.0
2025-01-17,5782.02,5996.66,6014.96,5773.31,13398135913.0
2025-01-24,6014.12,6101.24,6128.18,6006.88,10880630922.0
2025-01-31,5969.04,6040.53,6120.91,5962.92,16813127259.0
2025-02-07,5969.65,6025.99,6101.28,5923.93,15516765365.0
2025-02-14,6046.4,6114.63,6127.47,6003.0,14120885019.0
2025-02-21,6121.6,6013.13,6147.43,6008.56,12647833586.0
2025-02-28,6026.69,5954.5,6043.65,5837.66,17380875675.0
2025-03-07,5968.33,5770.2,5986.09,5666.29,18474641741.0
2025-03-14,5705.37,5638.94,5705.37,5504.65,18232915567.0
2025-03-21,5635.6,5667.56,5715.33,5597.76,18211462824.0
2025-03-28,5718.08,5580.94,5786.95,5572.42,14243268124.0
2025-04-04,5527.91,5074.08,5695.31,5069.9,20249308799.0
2025-04-11,4953.79,5363.36,5481.34,4835.04,26521989128.0
2025-04-17,5441.96,5282.7,5459.46,5220.79,12565189974.0
2025-04-25,5232.94,5525.21,5528.11,5101.63,15621332132.0
2025-05-02,5529.22,5686.67,5700.7,5433.24,15556809871.0
2025-05-09,5655.32,5659.91,5720.1,5578.64,14297030103.0
2025-05-16,5807.2,5958.38,5958.62,5786.08,16784484948.0
2025-05-23,5902.88,5802.82,5968.61,5767.41,13563654523.0
2025-05-30,5854.07,5911.69,5943.13,5843.66,13160786930.0
2025-06-06,5896.68,6000.36,6016.87,5861.43,14073405170.0
2025-06-13,6004.63,5976.97,6059.4,5963.21,14454708834.0
2025-06-20,6004.0,5967.84,6050.83,5952.56,13808349237.0
2025-06-27,5969.67,6173.07,6187.68,5943.23,17008844757.0
2025-07-03,6193.36,6279.35,6284.65,6174.97,11853482174.0
2025-07-11,6259.04,6259.75,6290.22,6201.0,14010461030.0
2025-07-18,6255.15,6296.79,6315.61,6201.59,14864807899.0
2025-07-25,6304.74,6388.64,6395.82,6281.71,15241611148.0
2025-08-01,6397.69,6238.01,6427.02,6212.69,17096098950.0
2025-08-08,6271.71,6389.45,6395.16,6271.71,15400943331.0
2025-08-15,6389.67,6449.8,6481.34,6364.06,14755339317.0
2025-08-22,6445.02,6466.91,6478.89,6343.86,13970401629.0
2025-08-29,6457.67,6460.26,6508.23,6429.21,13794027054.0
2025-09-05,6401.51,6481.5,6532.65,6360.58,11519766898.0
2025-09-12,6498.09,6584.29,6600.21,6483.08,15027920043.0
2025-09-19,6603.49,6664.36,6671.82,6551.15,18262043100.0
2025-09-26,6654.28,6643.7,6699.52,6569.22,15559241893.0
2025-10-03,6661.58,6715.79,6750.87,6641.0,16131234175.0
2025-10-10,6733.86,6552.51,6764.58,6550.78,15482121828.0
2025-10-17,6622.53,6664.01,6724.12,6555.07,15036943144.0
2025-10-24,6690.05,6791.69,6807.11,6655.69,15529460371.0
2025-10-31,6845.46,6840.2,6920.34,6814.26,18299751998.0
2025-11-07,6882.32,6728.8,6882.32,6631.44,18115102626.0
2025-11-14,6785.36,6734.11,6869.91,6646.87,15379891691.0
2025-11-21,6713.61,6602.99,6770.35,6521.92,17336613121.0
2025-11-28,6636.54,6849.09,6850.86,6630.7,11952863200.0
2025-12-05,6812.3,6870.4,6895.78,6799.94,14859379183.0
2025-12-12,6875.2,6827.41,6903.46,6801.79,15737980075.0
2025-12-19,6860.19,6834.5,6861.59,6720.43,20074971657.0
2025-12-26,6865.21,6929.94,6945.77,6855.74,7353011445.0
2026-01-02,6903.6,6858.47,6920.21,6824.31,7986110018.0
2026-01-09,6892.19,6966.28,6978.36,6891.56,16182310369.0
2026-01-16,6944.12,6940.01,6986.33,6885.74,16741366890.0
2026-01-23,6865.24,6915.61,6934.75,6789.05,14244408277.0
2026-01-30,6923.23,6939.03,7002.28,6870.8,17931719084.0
2026-02-06,6916.64,6932.3,6993.08,6780.13,21405426216.0
2026-02-13,6917.26,6836.17,6993.48,6794.55,18551113369.0
2026-02-20,6819.86,6909.51,6915.86,6775.5,12604837397.0
2026-02-27,6901.25,6878.88,6952.51,6815.43,17768151556.0
2026-03-06,6824.36,6740.02,6901.01,6710.42,17272513446.0
2026-03-13,6699.8,6632.19,6845.08,6623.92,16287561235.0
2026-03-20,6674.37,6506.48,6754.3,6473.52,19221446449.0
2026-03-27,6574.96,6368.85,6651.62,6356.08,15638438215.0
2026-04-02,6403.37,6582.69,6609.67,6316.91,13201502673.0
2026-04-10,6587.66,6816.89,6845.77,6534.55,14308883266.0
2026-04-17,6806.47,7126.06,7147.52,6790.02,15580583796.0
2026-04-24,7117.05,7165.08,7168.59,7046.55,14833642116.0
2026-05-01,7152.72,7230.12,7272.52,7107.86,16160874966.0
2026-05-08,7228.38,7398.93,7401.5,7174.12,16840894841.0
2026-05-15,7385.31,7408.5,7517.12,7338.54,16209868128.0
2026-05-22,7418.39,7473.47,7506.32,7333.68,15134940842.0
2026-05-29,7511.79,7580.06,7599.38,7499.72,14916730514.0
2026-06-05,7582.29,7383.74,7620.9,7368.63,17273052640.0
2026-06-12,7440.57,7431.46,7483.15,7237.85,16192576953.0
2026-06-18,7516.75,7500.58,7577.92,7402.61,16101015803.0
2026-06-26,7500.44,7354.02,7530.01,7294.18,20357774056.0
2026-07-02,7391.88,7483.24,7540.75,7348.88,14587894850.0
2026-07-10,7506.96,7575.39,7579.93,7421.82,14008115660.0
2026-07-17,7547.53,7457.69,7581.5,7431.26,15218761951.0
2026-07-24,7489.18,7411.98,7525.94,7376.0,14897982046.0
2026-07-31,7464.2,7489.72,7512.04,7313.92,17462395127.0
2026-08-07,7504.78,7757.64,7793.68,7504.78,15818703874.0
2026-08-14,7751.74,7785.76,7816.7,7717.25,12759101044.0
2026-08-21,7790.68,7674.37,7790.68,7639.01,13581707203.0
2026-08-28,7663.38,7711.76,7771.48,7638.17,12689287356.0
2026-09-04,7697.52,7714.7,7756.76,7611.2,12551999593.0
