date,ndx,inx,vol,vix,fed,t10y2y,cape,margin,arkk,margin_lag,F1_cape,mom12,F3_vix,arkk_ndx_mom,ici_anom,F7_fed,rel_mom12,s1,s2,s3,s4,s5,s6,s7,s8,f5_raw,total
2016-01-29,4279.17,1940.24,16255958229.0,18.025454545454547,0.24,1.21,24.21,487200.0,15.624,503444.0,24.21,0.03151553720323097,18.025454545454547,,-35052.0,0.24,0.05895928378842685,47.093023255813954,20.0,48.33333333333333,91.66666666666666,,0.0,30.0,41.66666666666667,,
2016-02-29,4201.12,1932.23,15830286353.0,22.517,0.38,0.96,24.0,474156.0,15.96,487200.0,24.0,-0.05394456241963497,22.517,,11530.5,0.38,0.02791336107763276,46.24277456647399,11.666666666666666,29.166666666666657,82.5,,83.33333333333334,28.33333333333333,25.0,,
2016-03-31,4483.66,2059.74,14656120499.0,15.84909090909091,0.36,1.05,25.37,483909.0,17.855,474156.0,25.37,0.03460561323029565,15.84909090909091,-0.09565946262028291,-7219.5,0.36,0.03854682867212289,58.04597701149425,23.333333333333332,64.16666666666666,78.33333333333333,0.0,32.87671232876712,28.33333333333333,29.166666666666668,50.0,44.232368918280585
2016-04-29,4341.3,2065.3,13145309755.0,15.84909090909091,0.36,1.05,25.92,495178.0,17.621,483909.0,25.92,-0.01652602367333067,15.84909090909091,-0.06216267234256401,-7219.5,0.36,-0.006835348490761395,67.42857142857143,14.166666666666666,65.0,80.83333333333333,0.0,32.432432432432435,28.33333333333333,20.0,50.0,44.10057915057915
2016-05-31,4523.89,2096.96,12496368849.0,14.852857142857141,0.37,0.97,25.69,489867.0,18.191,495178.0,25.69,0.003469195364054878,14.852857142857141,-0.0805366738013964,-13343.0,0.37,0.008418445384221873,63.63636363636363,16.666666666666664,70.83333333333333,85.0,0.0,21.333333333333336,26.66666666666667,22.5,50.0,43.68560606060606
2016-06-30,4417.7,2098.86,13925474629.0,17.774545454545457,0.38,0.91,25.84,487636.0,18.004,489867.0,25.84,0.004762597913008593,17.774545454545457,-0.08105421968716064,-14581.5,0.38,-0.009787180698333398,66.66666666666666,17.5,50.833333333333336,83.33333333333334,0.0,18.421052631578945,25.83333333333333,19.166666666666668,50.0,41.15482456140351
2016-07-29,4730.23,2173.6,11439993697.0,17.774545454545457,0.38,0.91,26.69,513221.0,19.217,487636.0,26.69,0.0307959842315495,17.774545454545457,-0.05173545845205085,-14581.5,0.38,-0.0023231457733936534,83.14606741573034,22.5,51.666666666666664,81.66666666666667,0.0,18.181818181818183,25.83333333333333,20.833333333333336,50.0,45.048152877085464
2016-08-31,4771.05,2170.95,11454718545.0,12.399565217391304,0.4,0.78,26.95,510157.0,19.236,513221.0,26.95,0.11614474404502895,12.399565217391304,-0.067861365298435,-28032.5,0.4,0.015357797620260571,88.26815642458101,45.83333333333333,92.5,93.33333333333333,0.0,3.8461538461538463,23.33333333333333,22.5,50.0,53.15555436183928
2016-09-30,4875.7,2168.27,13023767829.0,14.21952380952381,0.4,0.83,26.73,540615.0,20.701,510157.0,26.73,0.16613968706500248,14.21952380952381,0.04063424321364972,-18012.5,0.4,0.0368500405490626,82.77777777777777,53.333333333333336,76.66666666666667,92.5,0.0,13.924050632911392,23.33333333333333,30.0,50.0,53.86082981715894
2016-10-31,4801.27,2126.15,11684826957.0,14.585238095238097,0.4,0.98,26.53,523760.0,18.583,540615.0,26.53,0.03279104634929664,14.585238095238097,-0.009892383939432703,-33542.5,0.4,0.010288930313593347,79.55801104972376,23.333333333333332,74.16666666666666,97.5,0.0,2.5,23.33333333333333,20.833333333333336,50.0,47.178268876611426
2016-11-30,4810.81,2198.81,13899411467.0,15.236190476190476,0.41,1.26,26.85,539972.0,18.769,523760.0,26.85,0.03136449487727555,15.236190476190476,-0.061590804684033884,-23579.5,0.41,-0.0255473638428807,86.26373626373626,21.666666666666668,70.83333333333333,95.83333333333334,0.0,9.876543209876543,20.833333333333343,14.166666666666666,50.0,47.792562067562066
2016-12-30,4863.62,2238.83,36059444467.0,15.236190476190476,0.41,1.26,27.87,529372.0,18.713,539972.0,27.87,0.05885785072508254,15.236190476190476,-0.0789144070719614,-23579.5,0.41,-0.03649230632453726,95.62841530054644,30.833333333333336,71.66666666666667,96.66666666666667,0.0,9.75609756097561,20.833333333333343,10.0,50.0,50.355764360922294
2017-01-31,5116.77,2278.87,41879634327.0,11.6085,0.65,1.26,28.06,553557.0,20.617,529372.0,28.06,0.1957388932900539,11.6085,0.12383355934691487,-3368.5,0.65,0.02120893823294767,95.65217391304348,64.16666666666667,96.66666666666667,95.0,0.0,50.602409638554214,19.16666666666667,22.5,50.0,64.56246289505849
2017-02-28,5330.31,2363.64,40740792428.0,11.530526315789475,0.66,1.14,28.66,568637.0,21.579,553557.0,28.66,0.26878308641505133,11.530526315789475,0.08328458275788098,9474.0,0.66,0.045512564789779164,96.75675675675676,80.83333333333333,98.33333333333333,100.0,0.0,75.0,18.33333333333333,33.33333333333333,50.0,73.13468468468469
2017-03-31,5436.23,2362.72,47262642118.0,11.89782608695652,0.79,1.13,29.09,577674.0,22.363,568637.0,29.09,0.21245366508611263,11.89782608695652,0.04002463230957476,-9032.0,0.79,0.06535742963892033,97.31182795698925,67.5,96.66666666666667,100.0,50.0,31.76470588235294,17.5,48.333333333333336,75.0,72.24373814041746
2017-04-28,5583.53,2384.2,37735944931.0,11.89782608695652,0.79,1.13,28.9,590797.0,23.492,577674.0,28.9,0.2861423997420127,11.89782608695652,0.047039599009477184,-9032.0,0.79,0.13173383924232773,96.2566844919786,85.0,97.5,100.0,69.23076923076923,31.3953488372093,17.5,91.66666666666666,84.61538461538461,82.58371614705403
2017-05-31,5788.8,2411.8,44654186258.0,10.862272727272726,0.91,0.93,29.31,582764.0,26.46,590797.0,29.31,0.27960671015431404,10.862272727272726,0.17495873429623865,8213.0,0.91,0.129465553432202,97.87234042553192,82.5,100.0,100.0,100.0,74.71264367816092,15.833333333333329,90.83333333333333,100.0,92.30636463683054
2017-06-30,5646.92,2423.41,48560081219.0,10.513636363636364,1.04,0.93,29.75,584258.0,27.02,582764.0,29.75,0.2782488625302759,10.513636363636364,0.22252874244639576,-5026.5,1.04,0.12361730063477094,97.88359788359789,81.66666666666667,100.0,99.16666666666667,100.0,46.590909090909086,13.333333333333329,87.5,100.0,87.34035594035593
2017-07-31,5880.33,2470.3,38444881701.0,10.2645,1.15,0.96,30.0,594414.0,27.645,584258.0,30.0,0.24313828291647566,10.2645,0.19543173321507457,-9391.5,1.15,0.10663662667797724,97.89473684210527,70.0,100.0,99.16666666666667,87.5,29.213483146067414,12.5,78.33333333333333,93.75,80.71096984033116
2017-08-31,5988.6,2471.65,40576568912.0,11.975652173913044,1.16,0.79,29.91,596567.0,31.864,594414.0,29.91,0.2551953972396013,11.975652173913044,0.4012820408972255,-12090.5,1.16,0.1166846070325489,97.38219895287958,73.33333333333333,93.33333333333333,100.0,100.0,27.77777777777778,11.666666666666671,84.16666666666667,100.0,82.40143979057592
2017-09-29,5979.3,2519.36,39446919405.0,11.975652173913044,1.16,0.79,30.17,606334.0,32.004,596567.0,30.17,0.22634698607379455,11.975652173913044,0.3196652838648557,-12090.5,1.16,0.06442526968238571,98.4375,66.66666666666666,93.33333333333333,100.0,88.88888888888889,27.472527472527474,11.666666666666671,45.0,94.44444444444444,74.78060134310135
2017-10-31,6248.56,2575.26,43198854908.0,10.125454545454545,1.15,0.78,30.92,607838.0,33.143,606334.0,30.92,0.30143899426610044,10.125454545454545,0.4820728176049647,-11583.5,1.15,0.09020742546803806,100.0,88.33333333333333,100.0,100.0,100.0,29.347826086956523,12.5,66.66666666666666,100.0,83.00217391304348
2017-11-30,6365.56,2647.58,43351095250.0,10.54047619047619,1.16,0.64,31.3,627422.0,34.72,607838.0,31.3,0.3231784252547907,10.54047619047619,0.5266803844846735,-12048.5,1.16,0.1190816638247445,100.0,91.66666666666666,97.5,100.0,100.0,29.03225806451613,10.833333333333329,87.5,100.0,86.22983870967742
2017-12-29,6396.42,2673.61,39132011023.0,10.54047619047619,1.16,0.64,32.09,642798.0,35.055,627422.0,32.09,0.3151562005255346,10.54047619047619,0.558140438174834,-12048.5,1.16,0.12095655160176633,100.0,90.0,97.5,100.0,100.0,28.723404255319153,10.833333333333329,88.33333333333333,100.0,86.10851063829787
2018-01-31,6949.99,2823.81,47016764084.0,11.062380952380952,1.41,0.58,33.31,665716.0,38.988,642798.0,33.31,0.3582768035303521,11.062380952380952,0.532783971558167,-2686.5,1.41,0.11914951676103214,100.0,95.0,95.0,100.0,90.9090909090909,56.84210526315789,7.5,87.5,95.45454545454545,89.64222488038277
2018-02-28,6854.42,2713.83,49680991803.0,22.464736842105264,1.42,0.62,32.04,645064.0,38.676,665716.0,32.04,0.2859327131067424,22.464736842105264,0.5063653544589466,-3298.0,1.42,0.13777563334840348,98.98477157360406,81.66666666666667,26.66666666666667,100.0,73.91304347826087,54.166666666666664,6.666666666666671,95.0,86.95652173913044,80.02992532921357
2018-03-29,6581.13,2640.87,49520702567.0,22.464736842105264,1.42,0.62,31.81,645235.0,36.936,645064.0,31.81,0.21060551154016682,22.464736842105264,0.44105124292032594,-3298.0,1.42,0.0928810245082714,98.48484848484848,62.5,26.66666666666667,99.16666666666667,58.333333333333314,53.608247422680414,6.666666666666671,69.16666666666667,79.16666666666666,71.96320681037176
2018-04-30,6605.57,2648.05,44339282806.0,18.267619047619046,1.69,0.46,30.97,652303.0,36.955,645235.0,30.97,0.18304549272592796,18.267619047619046,0.3900432183246423,-3413.5,1.69,0.0723794412201817,97.48743718592965,55.00000000000001,41.666666666666664,99.16666666666667,44.0,52.04081632653062,5.0,50.0,72.0,67.82027655283218
2018-05-31,6967.73,2705.27,44387501398.0,14.124545454545455,1.7,0.43,31.24,668940.0,41.105,652303.0,31.24,0.20365706191265875,14.124545454545455,0.3498198844214302,-1927.0,1.7,0.0819761596819597,97.5,60.0,76.66666666666667,99.16666666666667,38.46153846153845,59.59595959595959,4.166666666666657,53.333333333333336,69.23076923076923,73.00221445221445
2018-06-29,7040.8,2718.37,45534269757.0,14.124545454545455,1.7,0.43,31.63,646931.0,42.523,668940.0,31.63,0.2468389847917094,14.124545454545455,0.32692119285447885,-1927.0,1.7,0.12512619166136818,98.00995024875621,69.16666666666667,76.66666666666667,100.0,33.333333333333314,59.0,4.166666666666657,90.83333333333333,66.66666666666666,79.37699004975124
2018-07-31,7231.98,2816.29,39758663331.0,13.147619047619049,1.91,0.29,31.89,652790.0,42.117,646931.0,31.89,0.22985954869879754,13.147619047619049,0.29363475406842965,-12810.5,1.91,0.08979963694718851,98.51485148514851,63.33333333333333,85.83333333333333,97.5,21.428571428571416,23.762376237623762,1.6666666666666714,65.0,60.71428571428571,68.89351720886376
2018-08-31,7654.55,2901.52,41920715337.0,12.54695652173913,1.91,0.24,32.39,652395.0,46.986,652790.0,32.39,0.2781868884213339,12.54695652173913,0.1963925742952113,-15902.5,1.91,0.10426663272170011,99.50738916256158,78.33333333333333,85.83333333333333,98.33333333333333,10.34482758620689,17.647058823529413,1.6666666666666714,76.66666666666667,55.172413793103445,70.76635274799575
2018-09-28,7627.65,2913.98,38082225536.0,12.54695652173913,1.91,0.24,32.62,648126.0,44.755,652395.0,32.62,0.27567608248457165,12.54695652173913,0.12274286514697463,-15902.5,1.91,0.11904106406719595,99.50980392156863,76.66666666666667,85.83333333333333,97.5,0.0,17.475728155339805,1.6666666666666714,85.0,43.333333333333336,70.60665334094804
2018-10-31,6967.1,2711.74,48832308363.0,19.35217391304348,2.19,0.28,31.04,607645.0,40.254,648126.0,31.04,0.11499289436286109,19.35217391304348,0.09956221531339016,-9768.5,2.19,0.06199630372735254,95.1219512195122,32.5,32.5,95.83333333333334,0.0,32.69230769230769,0.0,41.66666666666667,41.935483870967744,54.57823639774859
2018-11-30,6949.01,2760.17,43656914782.0,19.38904761904762,2.2,0.21,30.2,592593.0,42.022,607645.0,30.2,0.09165729330962247,19.38904761904762,0.1186537665982117,-16451.5,2.2,0.04913166613310649,92.23300970873787,28.333333333333332,31.66666666666667,90.0,0.0,17.142857142857142,0.0,29.166666666666668,43.75,48.15969717984281
2018-12-31,6329.96,2506.85,46586377806.0,24.953157894736844,2.27,0.21,28.29,554285.0,36.289,592593.0,28.29,-0.010390187010859253,24.953157894736844,0.0455920127133268,-79970.5,2.27,0.051982410338791696,85.99033816425121,9.166666666666666,13.333333333333329,86.66666666666667,0.0,0.0,0.0,31.666666666666664,33.33333333333333,39.98140096618358
2019-01-31,6906.84,2704.1,51676850936.0,19.57238095238095,2.4,0.18,28.38,568433.0,42.007,554285.0,28.38,-0.00620864202682303,19.57238095238095,0.08364272430855069,18954.5,2.4,0.036184436827632505,86.0576923076923,9.166666666666666,30.0,81.66666666666667,0.0,91.58878504672897,0.0,22.5,41.17647058823529,53.12485621854781
2019-02-28,7097.53,2784.49,41413762264.0,15.234736842105262,2.4,0.21,29.54,581205.0,45.432,568433.0,29.54,0.035467625269534064,15.234736842105262,0.13921434804725163,-3097.5,2.4,0.009430622214810613,89.47368421052632,17.5,62.5,81.66666666666667,8.57142857142857,58.333333333333336,0.8333333333333286,13.333333333333334,54.285714285714285,52.55187969924812
2019-03-29,7378.77,2834.4,46072721023.0,15.234736842105262,2.4,0.21,29.58,574013.0,45.598,581205.0,29.58,0.1212010703329065,15.234736842105262,0.11331268318669485,-3097.5,2.4,0.04791840212129439,89.52380952380953,35.833333333333336,62.5,83.33333333333334,0.0,57.798165137614674,1.6666666666666714,28.333333333333332,44.44444444444444,56.374486675404114
2019-04-30,7781.46,2945.83,41004945468.0,12.949047619047619,2.42,0.24,30.13,588721.0,46.076,574013.0,30.13,0.1780149177133843,12.949047619047619,0.06879877461512351,-32507.0,2.42,0.06556235828285994,91.4691943127962,47.5,84.16666666666667,81.66666666666667,0.0,3.6363636363636362,0.0,47.5,35.13513513513514,54.78096007468046
2019-05-31,7127.96,2752.06,44268660078.0,16.721818181818183,2.39,0.19,29.24,568751.0,39.743,588721.0,29.24,0.02299601161353859,16.721818181818183,-0.05613066676497991,2457.5,2.39,0.005700140961071298,87.73584905660378,8.333333333333332,48.33333333333333,85.0,0.0,71.17117117117117,3.3333333333333286,12.5,18.421052631578945,51.23117882032977
2019-06-28,7671.08,2941.76,40240961599.0,16.721818181818183,2.39,0.19,29.28,596304.0,46.818,568751.0,29.28,0.0895182365640268,16.721818181818183,0.011485925889233695,2457.5,2.39,0.007340313764702122,87.79342723004694,25.833333333333336,48.33333333333333,80.0,0.0,70.53571428571429,4.166666666666657,13.333333333333334,25.64102564102564,52.472375922199866
2019-07-31,7848.78,2980.38,38589600279.0,13.305909090909092,2.4,0.13,29.99,602139.0,47.286,596304.0,29.99,0.08528784648187626,13.305909090909092,0.037441692659088366,-28676.5,2.4,0.027023250151242628,90.18691588785047,24.166666666666668,82.5,87.5,0.0,4.424778761061947,3.3333333333333286,18.333333333333332,27.500000000000004,48.35109999172939
2019-08-30,7691.0,2926.46,44182150431.0,13.305909090909092,2.4,0.13,28.71,564894.0,43.246,602139.0,28.71,0.004761873656844662,13.305909090909092,-0.08436005183757922,-28676.5,2.4,-0.0038336211183076507,84.65116279069768,5.0,82.5,88.33333333333333,0.0,4.385964912280701,4.166666666666657,11.666666666666666,2.4390243902439024,44.08812729498164
2019-09-30,7749.45,2976.74,38026269448.0,15.559000000000001,2.04,0.05,29.23,555910.0,41.851,564894.0,29.23,0.015968220880612005,15.559000000000001,-0.0808548257292323,-27992.0,2.04,-0.005569332568622354,86.57407407407408,5.833333333333333,54.16666666666667,75.83333333333333,0.0,7.82608695652174,9.166666666666671,10.833333333333334,7.142857142857142,39.88039452495974
2019-10-31,8083.83,3037.56,41102823294.0,15.466521739130435,1.83,0.17,28.84,554604.0,43.158,555910.0,28.84,0.1602862022936371,15.466521739130435,-0.08814430335191692,-28258.0,1.83,0.04013456533729176,84.33179723502305,39.166666666666664,55.0,75.0,0.0,6.896551724137931,12.5,30.0,2.3255813953488373,46.1008422056253
2019-11-29,8403.68,3140.98,36870813098.0,15.466521739130435,1.83,0.17,29.84,563482.0,49.208,554604.0,29.84,0.2093348548929992,15.466521739130435,-0.038329191193032575,-28258.0,1.83,0.07136871512624565,89.44954128440367,59.166666666666664,55.0,74.16666666666667,0.0,6.837606837606838,13.333333333333329,54.166666666666664,27.27272727272727,52.99054928252176
2019-12-31,8733.07,3230.78,36752559983.0,13.756666666666666,1.55,0.34,30.33,579221.0,49.018,563482.0,30.33,0.3796406296406296,13.756666666666666,-0.028873179449111497,-43678.0,1.55,0.09085988887034002,93.60730593607306,95.83333333333334,75.83333333333333,75.0,0.0,0.847457627118644,16.666666666666657,69.16666666666667,28.888888888888886,61.80691316461574
2020-01-31,8991.51,3225.52,41642588989.0,13.94095238095238,1.55,0.18,30.99,561812.0,50.732,579221.0,30.99,0.30182688465347396,13.94095238095238,-0.0941234066617107,68195.0,1.55,0.10900117554508304,95.0,86.66666666666667,75.0,80.0,0.0,100.0,17.5,82.5,2.1739130434782608,78.675
2020-02-28,8461.83,2954.22,45245591112.0,13.94095238095238,1.55,0.18,30.73,545127.0,51.75,561812.0,30.73,0.19222180110545506,13.94095238095238,-0.05315682487724582,68195.0,1.55,0.13126629399284195,93.66515837104072,52.5,75.0,73.33333333333333,0.0,99.16666666666667,18.33333333333333,97.5,25.53191489361702,75.23303167420815
2020-03-31,7813.5,2584.59,95476448321.0,57.73681818181819,0.65,0.47,24.82,479291.0,43.093,545127.0,24.82,0.058916323452282704,57.73681818181819,-0.11385294347947683,24123.0,0.65,0.14705137849038596,40.54054054054054,17.5,0.0,67.5,0.0,95.0,31.66666666666667,100.0,0.0,51.60810810810811
2020-04-30,9000.51,2912.43,71183388672.0,41.453809523809525,0.05,0.44,25.93,524696.0,54.189,479291.0,25.93,0.15666083228597216,41.453809523809525,0.019417820374849182,63167.0,0.05,0.1679988932059846,55.15695067264574,40.0,0.8333333333333286,40.833333333333336,0.0,98.33333333333333,100.0,100.0,38.775510204081634,53.01472346786248
2020-05-29,9555.53,3044.31,61411575351.0,41.453809523809525,0.05,0.44,27.33,552543.0,61.525,524696.0,27.33,0.34057009298593144,41.453809523809525,0.20750126549229098,63167.0,0.05,0.23437691405814642,76.33928571428571,96.66666666666667,1.6666666666666714,62.5,48.0,97.5,100.0,100.0,74.0,72.7095238095238
2020-06-30,10156.85,3100.29,72273671162.0,31.119545454545456,0.08,0.5,28.84,584676.0,69.839,552543.0,28.84,0.32404433274063105,31.119545454545456,0.1676682564344727,72135.0,0.08,0.2701548244190821,82.66666666666667,94.16666666666667,6.666666666666671,69.16666666666667,33.333333333333314,100.0,95.83333333333333,100.0,66.66666666666666,74.28333333333333
2020-07-31,10905.88,3271.12,54487212855.0,26.840454545454545,0.09,0.44,29.6,613830.0,78.713,584676.0,29.6,0.3895000242075839,26.840454545454545,0.2751152953373128,64416.0,0.09,0.29194870524825656,87.61061946902655,100.0,8.333333333333343,82.5,53.84615384615387,97.5,90.0,100.0,76.92307692307693,80.21507261175404
2020-08-31,12110.7,3500.31,46125738432.0,22.88952380952381,0.1,0.58,31.16,645547.0,93.364,613830.0,31.16,0.5746586919776362,22.88952380952381,0.5842461778369132,47115.0,0.1,0.3785685352695316,95.59471365638767,100.0,11.666666666666671,90.83333333333333,100.0,95.0,76.66666666666667,100.0,100.0,87.8856093979442
2020-09-30,11418.06,3363.0,55234683588.0,27.64761904761905,0.09,0.56,30.84,654324.0,90.103,645547.0,30.84,0.47340262857364057,27.64761904761905,0.679544732301846,50096.0,0.09,0.3436432273494825,93.42105263157895,99.16666666666667,7.5,94.16666666666667,100.0,95.0,90.0,99.16666666666667,100.0,87.40921052631579
2020-10-30,11052.95,3269.96,51333972311.0,27.64761904761905,0.09,0.56,31.28,659313.0,88.918,654324.0,31.28,0.367291246847101,27.64761904761905,0.6929988500063213,50096.0,0.09,0.2907824700657371,96.06986899563319,96.66666666666667,8.333333333333343,98.33333333333333,100.0,94.16666666666667,90.0,97.5,100.0,88.09730713245997
2020-11-30,12268.32,3621.63,53536029492.0,24.9955,0.09,0.68,32.47,722118.0,110.053,659313.0,32.47,0.45987472155055875,24.9955,0.7766112156954177,108063.0,0.09,0.306849232690394,99.1304347826087,98.33333333333333,10.0,98.33333333333333,100.0,100.0,90.0,98.33333333333333,100.0,90.07608695652173
2020-12-31,12888.28,3756.07,50012211455.0,22.37409090909091,0.09,0.8,33.77,778037.0,123.471,722118.0,33.77,0.4758017512741797,22.37409090909091,1.0430892683512643,75588.5,0.09,0.31321253133348437,100.0,99.16666666666667,16.666666666666657,100.0,100.0,99.16666666666667,90.0,98.33333333333333,100.0,91.19166666666666
2021-01-29,12925.38,3714.24,51314664046.0,22.37409090909091,0.09,0.8,34.51,798605.0,136.315,778037.0,34.51,0.43750938385210025,22.37409090909091,1.249453479823686,75588.5,0.09,0.28599272917316476,100.0,96.66666666666667,17.5,100.0,100.0,98.33333333333333,90.0,95.0,100.0,90.35
2021-02-26,12909.44,3811.15,45312810114.0,24.91,0.09,1.0,35.1,813680.0,129.293,798605.0,35.1,0.5256085267607598,24.91,0.9728069321764383,77777.0,0.09,0.2355387283029602,100.0,99.16666666666667,11.666666666666671,100.0,93.22033898305085,99.16666666666667,90.0,93.33333333333333,96.61016949152543,89.26370056497174
2021-03-31,13091.44,3972.89,61183739628.0,21.84304347826087,0.07,1.58,35.04,822551.0,118.968,813680.0,35.04,0.6754898572982659,21.84304347826087,1.0852369428780966,104685.0,0.07,0.13834470081309824,99.57264957264957,100.0,19.16666666666667,100.0,96.66666666666666,99.16666666666667,98.33333333333333,90.0,98.33333333333333,89.87286324786325
2021-04-30,13860.76,4181.17,44569621182.0,17.416190476190476,0.07,1.49,36.72,847186.0,119.782,822551.0,36.72,0.5399971779376946,17.416190476190476,0.6704514370948764,94666.0,0.07,0.10436782375579146,100.0,98.33333333333333,38.33333333333333,100.0,77.04918032786884,98.33333333333333,98.33333333333333,72.5,88.52459016393442,86.96325136612022
2021-05-28,13686.51,4204.11,44739836296.0,17.416190476190476,0.07,1.49,36.55,861626.0,111.183,847186.0,36.55,0.4323130166510909,17.416190476190476,0.3748060406426923,94666.0,0.07,0.05133998828012998,99.57627118644068,93.33333333333333,38.33333333333333,100.0,45.16129032258064,97.5,98.33333333333333,35.0,72.58064516129032,77.33971660287953
2021-06-30,14554.8,4297.5,45608522954.0,16.956818181818182,0.08,1.2,36.7,882103.0,129.71,861626.0,36.7,0.4330033425717619,16.956818181818182,0.42426838239566345,113244.0,0.08,0.04684269308413325,99.57805907172997,93.33333333333333,40.0,100.0,52.38095238095238,100.0,93.33333333333333,31.666666666666664,76.19047619047619,78.10370705244124
2021-07-30,14959.9,4395.26,41950748525.0,16.956818181818182,0.08,1.2,37.44,844324.0,119.018,882103.0,37.44,0.3717279119154071,16.956818181818182,0.14032219416618052,113244.0,0.08,0.02807191641539486,100.0,90.0,40.0,100.0,6.25,99.16666666666667,93.33333333333333,24.166666666666668,53.125,71.925
2021-08-31,15582.51,4522.68,40953480099.0,17.472727272727273,0.09,1.1,37.97,911545.0,121.031,844324.0,37.97,0.2866729421090439,17.472727272727273,0.009661833607506276,79068.0,0.09,-0.005406902247598877,100.0,76.66666666666667,35.83333333333333,97.5,0.0,95.0,85.83333333333333,11.666666666666666,27.692307692307693,66.33333333333334
2021-09-30,14689.62,4307.54,43096943956.0,19.824761904761903,0.08,1.24,37.62,903117.0,109.625,911545.0,37.62,0.2865250313976282,19.824761904761903,-0.06986187922733422,68236.0,0.08,0.005662706092840919,99.58333333333333,75.83333333333333,21.66666666666667,100.0,0.0,90.83333333333333,93.33333333333333,15.0,13.636363636363635,65.05833333333334
2021-10-29,15850.47,4605.38,41734569588.0,19.824761904761903,0.08,1.24,37.25,935862.0,120.287,903117.0,37.25,0.4340488285932713,19.824761904761903,-0.08126311591417368,68236.0,0.08,0.025658511892149516,98.7551867219917,93.33333333333333,21.66666666666667,99.16666666666667,0.0,90.0,93.33333333333333,21.666666666666668,7.462686567164178,67.71770401106501
2021-11-30,16135.92,4567.0,47188041702.0,18.50047619047619,0.08,0.91,38.58,918598.0,104.825,935862.0,38.58,0.31525098791032513,18.50047619047619,-0.3627553721615495,76640.5,0.08,0.05421659179586835,100.0,80.83333333333333,25.83333333333333,100.0,0.0,93.33333333333333,94.16666666666667,40.833333333333336,0.0,70.40833333333333
2021-12-31,16320.08,4766.18,49779278405.0,21.354545454545455,0.08,0.79,38.31,910021.0,94.59,918598.0,38.31,0.26627292392778545,21.354545454545455,-0.5001821009815066,121156.5,0.08,-0.0026544389807865443,99.58847736625515,65.83333333333333,16.666666666666657,99.16666666666667,0.0,100.0,94.16666666666667,14.166666666666666,0.0,64.45936213991769
2022-01-31,14930.05,4515.55,54612068715.0,23.181,0.08,0.61,36.94,829637.0,75.43,910021.0,36.94,0.15509563355197287,23.181,-0.6017449384707272,40144.5,0.08,-0.060644329401417396,97.54098360655738,35.833333333333336,10.0,97.5,0.0,80.0,94.16666666666667,4.166666666666666,0.0,54.98319672131148
2022-02-28,14237.81,4373.94,50653701487.0,25.748421052631578,0.08,0.39,35.29,835255.0,70.47,829637.0,35.29,0.10289911878439328,25.748421052631578,-0.5578580106037494,77495.5,0.08,-0.04477021986666996,95.91836734693877,23.333333333333332,5.833333333333329,92.5,0.0,92.5,94.16666666666667,6.666666666666667,1.4084507042253522,54.09200680272109
2022-03-31,14838.49,4530.41,61933206634.0,26.968695652173913,0.2,0.04,34.27,799660.0,66.29,835255.0,34.27,0.13344979620270947,26.968695652173913,-0.5762411350501306,102175.5,0.2,-0.006881297786804463,94.3089430894309,33.33333333333333,5.0,92.5,0.0,95.83333333333334,43.333333333333336,11.666666666666666,1.3888888888888888,56.13678861788618
2022-04-29,12854.8,4131.93,49420836427.0,26.968695652173913,0.2,0.04,33.89,772940.0,47.13,799660.0,33.89,-0.07257610693785921,26.968695652173913,-0.5339590986856901,102175.5,0.2,-0.0607994989549262,93.92712550607287,0.0,5.833333333333329,89.16666666666667,0.0,95.0,44.166666666666664,4.166666666666666,4.10958904109589,50.29375843454791
2022-05-31,12642.1,4132.15,56852798814.0,29.313636363636363,0.77,0.32,30.67,752944.0,44.09,772940.0,30.67,-0.07630944630881065,29.313636363636363,-0.5271371237603546,81604.0,0.77,-0.05919286277507818,85.48387096774194,0.0,3.3333333333333286,86.66666666666667,0.0,92.5,30.0,5.833333333333333,5.405405405405405,47.78010752688172
2022-06-30,11503.72,3785.38,53162507955.0,28.23318181818182,1.21,0.06,29.05,683445.0,39.88,752944.0,29.05,-0.20962706461098746,28.23318181818182,-0.482917843260418,46408.0,1.21,-0.09046010707753782,76.30522088353415,0.0,4.166666666666657,85.83333333333333,0.0,77.5,21.66666666666667,0.8333333333333334,8.0,42.87771084337349
2022-07-29,12947.97,4130.29,44910390253.0,28.23318181818182,1.21,0.06,29.0,696781.0,45.13,683445.0,29.0,-0.1344881984505244,28.23318181818182,-0.48632545998769494,46408.0,1.21,-0.07420280008956281,75.6,0.8333333333333334,5.0,84.16666666666667,0.0,76.66666666666667,22.5,2.5,7.894736842105263,42.745
2022-08-31,12272.03,3955.0,46931421338.0,22.169565217391302,2.33,-0.3,30.7,687787.0,41.88,696781.0,30.7,-0.21244844380013228,22.169565217391302,-0.4415245052790292,32752.5,2.33,-0.08692994591834535,85.65737051792829,0.0,20.833333333333343,84.16666666666667,0.0,74.16666666666667,6.666666666666671,1.6666666666666667,10.38961038961039,45.739807436918994
2022-09-30,10971.22,3585.62,53153344409.0,27.34181818181818,2.56,-0.39,28.23,664009.0,37.73,687787.0,28.23,-0.25313112252052816,27.34181818181818,-0.4026955593494832,10631.5,2.56,-0.08553662542938101,71.82539682539682,0.0,7.5,83.33333333333334,0.0,60.0,0.0,2.5,11.538461538461538,39.49007936507937
2022-10-31,11405.57,3871.98,57093161986.0,30.005714285714287,3.08,-0.41,27.08,649618.0,38.28,664009.0,27.08,-0.2804270157288711,30.005714285714287,-0.4013341055893096,70501.5,3.08,-0.12117848466303072,65.61264822134387,0.0,3.3333333333333286,80.0,0.0,85.83333333333333,0.0,0.0,12.658227848101266,40.73086297760211
2022-11-30,12030.06,4080.11,52380649502.0,23.29909090909091,3.78,-0.7,28.38,643783.0,37.48,649618.0,28.38,-0.25445465768298314,23.29909090909091,-0.38799704754000763,41545.5,3.78,-0.14784419129366855,72.44094488188976,0.8333333333333334,16.666666666666657,75.0,0.0,74.16666666666667,0.0,0.0,13.750000000000002,40.87985564304462
2022-12-30,10939.76,3839.5,48885838060.0,23.29909090909091,3.78,-0.7,28.32,606659.0,31.24,643783.0,28.32,-0.32967485453502676,23.29909090909091,-0.34005767533070963,41545.5,3.78,-0.13524661221098522,72.15686274509804,0.0,17.5,70.0,0.0,73.33333333333333,0.8333333333333286,0.8333333333333334,16.049382716049383,39.90637254901961
2023-01-31,12101.93,4076.6,48726753617.0,20.16904761904762,4.33,-0.69,28.34,641228.0,39.93,606659.0,28.34,-0.18942468377533894,20.16904761904762,-0.28121034207644424,14168.5,4.33,-0.09221614882389328,72.265625,5.0,26.66666666666667,65.0,0.0,62.5,0.0,2.5,17.073170731707318,39.16979166666667
2023-02-28,12042.12,3970.15,46674728982.0,20.1205,4.57,-0.89,28.92,624379.0,39.62,641228.0,28.92,-0.15421543060344245,20.1205,-0.28355950908720606,-29605.0,4.57,-0.06189820631595799,75.4863813229572,5.833333333333333,27.5,68.33333333333333,0.0,5.0,0.0,10.833333333333334,16.867469879518072,33.222276264591436
2023-03-31,13181.35,4109.31,64862286883.0,21.644347826086957,4.65,-0.58,27.94,645429.0,40.34,624379.0,27.94,-0.11167847941401043,21.644347826086957,-0.2797832795239893,4496.0,4.65,-0.01872883467986952,69.76744186046511,7.5,25.83333333333333,66.66666666666666,0.0,50.83333333333333,0.0,17.5,19.047619047619047,39.686821705426354
2023-04-28,13245.99,4169.48,43509341352.0,21.644347826086957,4.65,-0.58,28.77,631949.0,35.92,645429.0,28.77,0.0304314341724492,21.644347826086957,-0.26828418189152414,4496.0,4.65,0.021343671311026213,74.13127413127413,17.5,26.66666666666667,71.66666666666667,0.0,50.83333333333333,0.8333333333333286,31.666666666666664,20.0,44.8679214929215
2023-05-31,14254.09,4179.83,54594788096.0,17.63608695652174,5.06,-0.76,28.76,644170.0,40.49,631949.0,28.76,0.12750967007063707,17.63608695652174,-0.20916083813595798,-2013.5,5.06,0.1159708827565269,73.84615384615385,36.666666666666664,42.50000000000001,66.66666666666666,0.0,44.166666666666664,0.0,78.33333333333333,20.930232558139537,53.79423076923077
2023-06-30,15179.21,4450.38,52609485523.0,14.003181818181817,5.08,-1.06,29.94,681228.0,44.14,644170.0,29.94,0.31950447333558185,14.003181818181817,-0.2126840119514295,42117.5,5.08,0.14382858346455163,81.60919540229885,80.83333333333333,73.33333333333333,69.16666666666667,0.0,75.0,0.0,90.0,20.689655172413794,70.55517241379312
2023-07-31,15757.0,4588.96,46529113006.0,13.932380952380951,5.12,-0.91,30.89,709834.0,50.45,681228.0,30.89,0.21694752150337093,13.932380952380951,-0.09906584634272386,22379.0,5.12,0.105897207845008,87.02290076335878,55.00000000000001,77.5,81.66666666666667,0.0,65.83333333333333,0.0,73.33333333333333,23.863636363636363,67.32958015267175
2023-08-31,15501.07,4507.66,47766583114.0,15.85391304347826,5.33,-0.76,30.09,689185.0,43.75,709834.0,30.09,0.2631219121856774,15.85391304347826,-0.21847052727641292,-23347.0,5.33,0.12338487046633473,82.50950570342205,65.0,51.666666666666664,84.16666666666667,0.0,14.166666666666666,0.0,82.5,20.224719101123593,59.11856780735108
2023-09-29,14715.24,4288.05,45176621792.0,15.85391304347826,5.33,-0.76,29.8,680846.0,39.67,689185.0,29.8,0.34125831037933807,15.85391304347826,-0.2898403405940213,-23347.0,5.33,0.14535634642331363,79.92424242424242,85.0,52.5,82.5,0.0,14.166666666666666,0.8333333333333286,90.0,15.555555555555555,61.90984848484848
2023-10-31,14409.78,4193.8,53699685567.0,18.887727272727272,5.33,-0.19,28.7,635276.0,35.08,680846.0,28.7,0.26339849740083143,18.887727272727272,-0.3469930637540185,-1513.5,5.33,0.18028339866581722,72.0754716981132,64.16666666666667,35.83333333333333,79.16666666666666,0.0,49.166666666666664,1.6666666666666714,91.66666666666666,14.285714285714285,61.07342767295597
2023-11-30,15947.87,4567.8,48696966540.0,14.01909090909091,5.33,-0.36,30.01,660887.0,46.11,635276.0,30.01,0.3256683674063139,14.01909090909091,-0.09541223080012373,67699.5,5.33,0.2061397272471024,81.95488721804512,82.5,74.16666666666666,62.5,0.0,81.66666666666667,2.5,91.66666666666666,28.26086956521739,70.95764411027568
2023-12-29,16825.93,4769.83,48792148009.0,14.01909090909091,5.33,-0.36,31.45,700774.0,52.37,660887.0,31.45,0.5380529371759526,14.01909090909091,0.138323503284995,67699.5,5.33,0.29574794954735517,90.2621722846442,97.5,74.16666666666666,75.83333333333333,31.182795698924735,80.83333333333333,3.3333333333333286,96.66666666666667,65.59139784946237,80.56238069348797
2024-01-31,17137.24,4845.65,52173069546.0,13.388636363636364,5.33,-0.28,31.97,701975.0,45.41,700774.0,31.97,0.41607495663914773,13.388636363636364,-0.27883478634112624,28782.0,5.33,0.22742510136759808,91.4179104477612,90.0,80.83333333333333,83.33333333333334,0.0,69.16666666666667,4.166666666666657,90.83333333333333,20.212765957446805,76.16691542288557
2024-02-29,18043.85,5096.27,49185456276.0,13.980476190476189,5.33,-0.39,33.04,742963.0,51.25,701975.0,33.04,0.4983948009154533,13.980476190476189,-0.2048561840552816,2688.0,5.33,0.21474808731521144,93.3085501858736,95.83333333333334,74.16666666666666,83.33333333333334,0.0,53.333333333333336,5.0,90.0,25.263157894736842,74.07837670384139
2024-03-28,18254.69,5254.35,50529691573.0,13.980476190476189,5.33,-0.39,33.76,784136.0,50.08,742963.0,33.76,0.3848877391162513,13.980476190476189,-0.14344004452031678,2688.0,5.33,0.1062424190990221,93.7037037037037,87.5,74.16666666666666,85.0,0.0,53.333333333333336,5.833333333333329,68.33333333333333,26.041666666666668,70.2074074074074
2024-04-30,17440.69,5035.69,51618961789.0,16.137727272727275,5.33,-0.35,33.03,775464.0,43.46,784136.0,33.03,0.31667697167218156,16.137727272727275,-0.10676605853186971,-17573.5,5.33,0.10892684455800894,92.619926199262,76.66666666666667,52.5,87.5,0.0,17.5,6.666666666666671,69.16666666666667,27.835051546391753,61.723985239852404
2024-05-31,18536.65,5277.51,49274641399.0,13.058695652173913,5.33,-0.38,33.78,809431.0,42.45,775464.0,33.78,0.3004442935325933,13.058695652173913,-0.2520372794550432,49449.5,5.33,0.037830742263761596,94.11764705882352,72.5,83.33333333333334,85.83333333333333,0.0,75.83333333333333,7.5,32.5,21.428571428571427,67.55686274509804
2024-06-28,19682.87,5460.48,50250479864.0,13.058695652173913,5.33,-0.38,34.81,809322.0,43.95,809431.0,34.81,0.2966992353356992,13.058695652173913,-0.3010037210629307,49449.5,5.33,0.06972985294588097,95.23809523809523,71.66666666666667,83.33333333333334,89.16666666666667,0.0,75.0,8.333333333333343,50.0,15.151515151515152,70.78095238095239
2024-07-31,19362.43,5522.3,57511801709.0,14.373913043478263,5.33,-0.2,35.48,810835.0,45.53,809322.0,35.48,0.22881449514501484,14.373913043478263,-0.3263367944512586,98251.5,5.33,0.025426363629377224,96.35036496350365,54.166666666666664,65.0,88.33333333333333,0.0,94.16666666666667,9.166666666666671,27.500000000000004,15.0,66.42007299270074
2024-08-30,19574.64,5648.4,56151673114.0,14.373913043478263,5.33,-0.2,35.08,797162.0,44.82,810835.0,35.08,0.2627928265597148,14.373913043478263,-0.23833568370257185,98251.5,5.33,0.009725825055608484,95.27272727272728,61.66666666666667,65.83333333333334,89.16666666666667,0.0,93.33333333333333,10.0,24.166666666666668,23.762376237623762,66.7128787878788
2024-09-30,20060.69,5762.48,53950492878.0,17.663333333333334,5.13,0.15,35.7,813211.0,47.53,797162.0,35.7,0.36325945074630095,17.663333333333334,-0.16512484020937124,38005.5,5.13,0.01941318029702921,96.37681159420289,84.16666666666667,43.333333333333336,85.0,0.0,66.66666666666666,10.833333333333329,26.666666666666668,28.431372549019606,63.00869565217391
2024-10-31,19890.42,5705.45,54298526603.0,19.960869565217394,4.83,0.12,36.59,815369.0,45.89,813211.0,36.59,0.3803416846058716,19.960869565217394,-0.07218889099127623,64991.5,4.83,0.01989292691594846,96.75090252707581,86.66666666666667,30.0,89.16666666666667,0.0,78.33333333333333,14.166666666666671,27.500000000000004,42.71844660194174,64.67518050541517
2024-11-29,20930.37,6032.38,54833700852.0,19.960869565217394,4.83,0.12,37.36,890852.0,57.98,815369.0,37.36,0.31242416698907105,19.960869565217394,-0.05499627716040045,64991.5,4.83,-0.008207209165751905,98.20143884892086,74.16666666666667,30.83333333333333,90.0,0.0,77.5,15.0,14.166666666666666,48.07692307692308,61.5736211031175
2024-12-31,21012.17,5881.63,55907690169.0,15.866190476190477,4.48,0.33,37.72,899168.0,56.77,890852.0,37.72,0.2487969461420556,15.866190476190477,-0.16477937883252713,87176.5,4.48,0.015706877942559982,98.9247311827957,58.333333333333336,54.16666666666667,95.83333333333334,0.0,90.83333333333333,18.33333333333333,27.500000000000004,28.57142857142857,67.20161290322581
2025-01-31,21478.05,6040.53,56529574329.0,16.763636363636365,4.33,0.36,37.14,937253.0,62.87,899168.0,37.14,0.25329691362203,16.763636363636365,0.1311998932487033,35714.0,4.33,0.006708736597275777,97.14285714285714,58.333333333333336,49.16666666666667,95.83333333333334,37.73584905660377,63.33333333333333,20.0,22.5,68.86792452830188,65.24382300089849
2025-02-28,20884.41,5954.5,59666359645.0,16.968,4.33,0.25,37.19,918144.0,55.64,937253.0,37.19,0.15742538316379284,16.968,-0.07176684657842691,52457.5,4.33,-0.010978174732472423,97.15302491103202,39.166666666666664,47.5,100.0,0.0,73.33333333333333,20.833333333333343,13.333333333333334,42.99065420560748,59.88060498220641
2025-03-31,19278.45,5611.85,72837531780.0,21.841428571428573,4.33,0.34,34.79,880316.0,47.58,918144.0,34.79,0.05608202604371826,21.841428571428573,-0.10600215383924538,27049.5,4.33,-0.011956836993574749,92.19858156028369,25.0,25.83333333333333,97.5,0.0,60.0,21.66666666666667,13.333333333333334,31.48148148148148,52.57304964539007
2025-04-30,19571.02,5569.06,80604375723.0,31.966190476190473,4.33,0.57,32.63,850558.0,50.84,880316.0,32.63,0.12214711688585722,31.966190476190473,0.04766420386885972,-9239.5,4.33,0.016229159267338034,88.69257950530034,35.833333333333336,2.5,91.66666666666666,22.935779816513758,28.333333333333332,22.5,30.833333333333336,61.46788990825688,49.95709388271144
2025-05-30,21340.99,5911.69,64040967161.0,31.966190476190473,4.33,0.57,35.08,920960.0,56.37,850558.0,35.08,0.15128623564667842,31.966190476190473,0.17662895869961126,-9239.5,4.33,0.031119717724400697,92.95774647887323,39.166666666666664,3.3333333333333286,90.0,49.09090909090909,28.333333333333332,23.33333333333333,39.166666666666664,74.54545454545455,54.85897353819888
2025-06-30,22679.01,6204.95,62687056571.0,18.403333333333336,4.33,0.52,36.12,1007961.0,70.29,920960.0,36.12,0.15222068732862626,18.403333333333336,0.4470967188147186,41669.5,4.33,0.015882856222203312,94.73684210526315,40.0,40.833333333333336,98.33333333333333,74.77477477477476,65.83333333333333,24.16666666666667,30.833333333333336,87.38738738738738,67.50817923186344
2025-07-31,23218.12,6339.39,66112180833.0,16.381304347826084,4.33,0.43,37.48,1022548.0,75.33,1007961.0,37.48,0.1991325468962315,16.381304347826084,0.45538096068118983,45203.0,4.33,0.05117064696323248,98.25174825174825,48.333333333333336,55.0,100.0,75.0,66.66666666666666,25.0,48.333333333333336,87.5,73.70034965034965
2025-08-29,23415.42,6460.26,61533243126.0,16.381304347826084,4.33,0.43,37.85,1059723.0,74.96,1022548.0,37.85,0.19621203761601747,16.381304347826084,0.47625561075524514,45203.0,4.33,0.052479299141405145,98.95470383275261,47.5,55.833333333333336,100.0,75.22123893805309,65.83333333333333,25.83333333333333,50.83333333333333,87.61061946902655,74.09639799368917
2025-09-30,24679.99,6688.46,67077232718.0,15.789090909090909,4.22,0.56,38.59,1126494.0,86.3,1059723.0,38.59,0.2302662570430032,15.789090909090909,0.5854290932620672,73078.5,4.22,0.06957502687821293,100.0,55.00000000000001,61.666666666666664,100.0,85.96491228070175,84.16666666666667,26.66666666666667,58.333333333333336,92.98245614035088,80.73815789473684
2025-10-31,25858.13,6840.2,73771250732.0,18.086521739130436,4.09,0.51,39.31,1183654.0,88.98,1126494.0,39.31,0.300029360868197,18.086521739130436,0.6389551673514589,112395.0,4.09,0.10114057908937157,100.0,70.83333333333334,40.833333333333336,100.0,86.08695652173913,97.5,27.5,66.66666666666666,93.04347826086956,83.81702898550725
2025-11-28,25434.89,6849.09,62784470638.0,18.086521739130436,4.09,0.51,39.16,1214321.0,79.68,1183654.0,39.16,0.21521454231339443,18.086521739130436,0.15905244630337023,112395.0,4.09,0.0798268512196636,99.6551724137931,50.0,40.833333333333336,100.0,37.93103448275863,96.66666666666667,28.33333333333333,60.83333333333333,68.96551724137932,75.43247126436782
2025-12-31,25249.85,6845.5,63377802199.0,15.548181818181819,3.72,0.71,39.59,1225597.0,76.92,1214321.0,39.59,0.20167740885401186,15.548181818181819,0.15326358110547367,157206.5,3.72,0.03779936824282082,100.0,45.83333333333333,62.5,100.0,36.75213675213675,100.0,30.83333333333333,42.5,68.37606837606837,74.80021367521368
2026-01-30,25552.39,6939.03,67733454799.0,15.548181818181819,3.72,0.71,39.65,1279042.0,74.87,1225597.0,39.65,0.18969785432103947,15.548181818181819,0.001172194987056674,157206.5,3.72,0.040952628322658446,100.0,41.66666666666667,62.5,100.0,0.0,99.16666666666667,31.66666666666667,45.83333333333333,50.0,71.0
2026-02-27,24960.04,6878.88,70329528538.0,16.17904761904762,3.64,0.74,39.02,1253192.0,72.91,1279042.0,39.02,0.1951517902588582,16.17904761904762,0.11523641966206188,77830.5,3.64,0.0399112159033288,98.63481228668942,42.5,54.16666666666667,100.0,24.369747899159663,85.0,32.5,45.0,62.18487394957983,70.18060391392052
2026-03-31,23740.19,6528.52,75553201123.0,25.596818181818183,3.64,0.51,37.04,1220922.0,67.59,1253192.0,37.04,0.23143665595522456,25.596818181818183,0.18911819902586013,33650.0,3.64,0.06809123510470294,93.87755102040816,54.166666666666664,14.166666666666671,99.16666666666667,45.0,54.166666666666664,33.33333333333334,57.49999999999999,72.5,65.7921768707483
2026-04-30,27452.12,7209.01,64033963161.0,19.811904761904763,3.64,0.52,38.15,1304281.0,75.84,1220922.0,38.15,0.4026923481760276,19.811904761904763,0.08904644017959784,87465.0,3.64,0.10821715846717206,97.28813559322033,88.33333333333333,34.16666666666667,97.5,18.33333333333333,87.5,34.16666666666667,70.83333333333334,59.166666666666664,76.60762711864407
2026-05-29,30333.18,7580.06,66020716203.0,19.811904761904763,3.64,0.52,40.28,1415557.0,81.95,1304281.0,40.28,0.4213576783457562,19.811904761904763,0.03242979726183659,87465.0,3.64,0.13914227124558676,100.0,89.16666666666667,35.0,100.0,1.6666666666666572,86.66666666666667,35.0,84.16666666666667,50.83333333333333,77.99166666666667
2026-06-30,30276.35,7499.36,77410052909.0,17.90681818181818,3.63,0.3,40.5,1502072.0,80.82,1415557.0,40.5,0.33499434058188604,17.90681818181818,-0.18518640204155323,106860.0,3.63,0.12638508506814294,100.0,78.33333333333333,43.333333333333336,100.0,0.0,93.33333333333333,35.83333333333333,79.16666666666666,24.166666666666668,77.60833333333333
2026-07-31,28274.2,7489.72,68689516177.0,17.09086956521739,3.63,0.47,40.73,1417225.0,71.24,1502072.0,40.73,0.2177644012521256,17.09086956521739,-0.2720588390591082,106860.0,3.63,0.03630687931389498,100.0,47.5,49.16666666666667,100.0,0.0,92.5,36.66666666666667,38.333333333333336,18.333333333333332,68.24166666666667
2026-08-31,29456.97,7686.14,58284718130.0,15.229523809523808,3.63,0.41,42.04,1417225.0,85.57,1417225.0,42.04,0.25801587159230976,15.229523809523808,-0.1164737157758744,106860.0,3.63,0.06825880299135556,100.0,55.833333333333336,68.33333333333334,99.16666666666667,0.0,91.66666666666666,37.5,55.00000000000001,28.333333333333332,73.38333333333333
